REF_AREA,MEASURE,UNIT_MEASURE,AGE,SEX,EDUCATION_LEV,DOMAIN,TIME_PERIOD,OBS_VALUE,OBS_STATUS
AUS,ENV_HEATEXP_URB,D_Y,_T,_T,_T,HSL_9,2020,46.24,E
AUT,ENV_HEATEXP_URB,D_Y,_T,_T,_T,HSL_9,2020,17.1,E
BEL,ENV_HEATEXP_URB,D_Y,_T,_T,_T,HSL_9,2020,16.41,E
BGR,ENV_HEATEXP_URB,D_Y,_T,_T,_T,HSL_9,2020,38.76,E
CAN,ENV_HEATEXP_URB,D_Y,_T,_T,_T,HSL_9,2020,22.01,E
CHE,ENV_HEATEXP_URB,D_Y,_T,_T,_T,HSL_9,2020,16.87,E
CHL,ENV_HEATEXP_URB,D_Y,_T,_T,_T,HSL_9,2020,39.47,E
CZE,ENV_HEATEXP_URB,D_Y,_T,_T,_T,HSL_9,2020,12.63,E
DEU,ENV_HEATEXP_URB,D_Y,_T,_T,_T,HSL_9,2020,16.47,E
DNK,ENV_HEATEXP_URB,D_Y,_T,_T,_T,HSL_9,2020,3.49,E
ESP,ENV_HEATEXP_URB,D_Y,_T,_T,_T,HSL_9,2020,60.28,E
FIN,ENV_HEATEXP_URB,D_Y,_T,_T,_T,HSL_9,2020,0.82,E
FRA,ENV_HEATEXP_URB,D_Y,_T,_T,_T,HSL_9,2020,27.64,E
GBR,ENV_HEATEXP_URB,D_Y,_T,_T,_T,HSL_9,2020,3.6,E
HUN,ENV_HEATEXP_URB,D_Y,_T,_T,_T,HSL_9,2020,39.81,E
ITA,ENV_HEATEXP_URB,D_Y,_T,_T,_T,HSL_9,2020,61.88,E
JPN,ENV_HEATEXP_URB,D_Y,_T,_T,_T,HSL_9,2020,56.68,E
KOR,ENV_HEATEXP_URB,D_Y,_T,_T,_T,HSL_9,2020,40.75,E
LTU,ENV_HEATEXP_URB,D_Y,_T,_T,_T,HSL_9,2020,9.18,E
LVA,ENV_HEATEXP_URB,D_Y,_T,_T,_T,HSL_9,2020,7.98,E
MEX,ENV_HEATEXP_URB,D_Y,_T,_T,_T,HSL_9,2020,118.3,E
NLD,ENV_HEATEXP_URB,D_Y,_T,_T,_T,HSL_9,2020,12.59,E
NOR,ENV_HEATEXP_URB,D_Y,_T,_T,_T,HSL_9,2020,0.25,E
NZL,ENV_HEATEXP_URB,D_Y,_T,_T,_T,HSL_9,2020,2.37,E
POL,ENV_HEATEXP_URB,D_Y,_T,_T,_T,HSL_9,2020,10.68,E
PRT,ENV_HEATEXP_URB,D_Y,_T,_T,_T,HSL_9,2020,20.75,E
SVK,ENV_HEATEXP_URB,D_Y,_T,_T,_T,HSL_9,2020,18.52,E
SWE,ENV_HEATEXP_URB,D_Y,_T,_T,_T,HSL_9,2020,1.5,E
TUR,ENV_HEATEXP_URB,D_Y,_T,_T,_T,HSL_9,2020,60.23,E
USA,ENV_HEATEXP_URB,D_Y,_T,_T,_T,HSL_9,2020,95.05,E
AUS,ENV_HEATRISK_65_N,PS,Y_GE65,_T,_T,HSL_9,2020,0,E
AUT,ENV_HEATRISK_65_N,PS,Y_GE65,_T,_T,HSL_9,2020,0,E
BEL,ENV_HEATRISK_65_N,PS,Y_GE65,_T,_T,HSL_9,2020,0,E
BGR,ENV_HEATRISK_65_N,PS,Y_GE65,_T,_T,HSL_9,2020,221235,E
CAN,ENV_HEATRISK_65_N,PS,Y_GE65,_T,_T,HSL_9,2020,0,E
CHE,ENV_HEATRISK_65_N,PS,Y_GE65,_T,_T,HSL_9,2020,0,E
CHL,ENV_HEATRISK_65_N,PS,Y_GE65,_T,_T,HSL_9,2020,33327,E
CZE,ENV_HEATRISK_65_N,PS,Y_GE65,_T,_T,HSL_9,2020,0,E
DEU,ENV_HEATRISK_65_N,PS,Y_GE65,_T,_T,HSL_9,2020,0,E
DNK,ENV_HEATRISK_65_N,PS,Y_GE65,_T,_T,HSL_9,2020,0,E
ESP,ENV_HEATRISK_65_N,PS,Y_GE65,_T,_T,HSL_9,2020,4038707,E
FIN,ENV_HEATRISK_65_N,PS,Y_GE65,_T,_T,HSL_9,2020,0,E
FRA,ENV_HEATRISK_65_N,PS,Y_GE65,_T,_T,HSL_9,2020,158783,E
GBR,ENV_HEATRISK_65_N,PS,Y_GE65,_T,_T,HSL_9,2020,0,E
HUN,ENV_HEATRISK_65_N,PS,Y_GE65,_T,_T,HSL_9,2020,0,E
ITA,ENV_HEATRISK_65_N,PS,Y_GE65,_T,_T,HSL_9,2020,5465954,E
JPN,ENV_HEATRISK_65_N,PS,Y_GE65,_T,_T,HSL_9,2020,22497792,E
KOR,ENV_HEATRISK_65_N,PS,Y_GE65,_T,_T,HSL_9,2020,813526,E
LTU,ENV_HEATRISK_65_N,PS,Y_GE65,_T,_T,HSL_9,2020,0,E
LVA,ENV_HEATRISK_65_N,PS,Y_GE65,_T,_T,HSL_9,2020,0,E
MEX,ENV_HEATRISK_65_N,PS,Y_GE65,_T,_T,HSL_9,2020,2601155,E
NLD,ENV_HEATRISK_65_N,PS,Y_GE65,_T,_T,HSL_9,2020,0,E
NOR,ENV_HEATRISK_65_N,PS,Y_GE65,_T,_T,HSL_9,2020,0,E
NZL,ENV_HEATRISK_65_N,PS,Y_GE65,_T,_T,HSL_9,2020,0,E
POL,ENV_HEATRISK_65_N,PS,Y_GE65,_T,_T,HSL_9,2020,0,E
PRT,ENV_HEATRISK_65_N,PS,Y_GE65,_T,_T,HSL_9,2020,69473,E
SVK,ENV_HEATRISK_65_N,PS,Y_GE65,_T,_T,HSL_9,2020,0,E
SWE,ENV_HEATRISK_65_N,PS,Y_GE65,_T,_T,HSL_9,2020,0,E
TUR,ENV_HEATRISK_65_N,PS,Y_GE65,_T,_T,HSL_9,2020,1490703,E
USA,ENV_HEATRISK_65_N,PS,Y_GE65,_T,_T,HSL_9,2020,4268052,E
AUS,ENV_HEATRISK_65_SH,PT_POP_Y_GE65_URB,Y_GE65,_T,_T,HSL_9,2020,0,E
AUT,ENV_HEATRISK_65_SH,PT_POP_Y_GE65_URB,Y_GE65,_T,_T,HSL_9,2020,0,E
BEL,ENV_HEATRISK_65_SH,PT_POP_Y_GE65_URB,Y_GE65,_T,_T,HSL_9,2020,0,E
BGR,ENV_HEATRISK_65_SH,PT_POP_Y_GE65_URB,Y_GE65,_T,_T,HSL_9,2020,28.6,E
CAN,ENV_HEATRISK_65_SH,PT_POP_Y_GE65_URB,Y_GE65,_T,_T,HSL_9,2020,0,E
CHE,ENV_HEATRISK_65_SH,PT_POP_Y_GE65_URB,Y_GE65,_T,_T,HSL_9,2020,0,E
CHL,ENV_HEATRISK_65_SH,PT_POP_Y_GE65_URB,Y_GE65,_T,_T,HSL_9,2020,2.07,E
CZE,ENV_HEATRISK_65_SH,PT_POP_Y_GE65_URB,Y_GE65,_T,_T,HSL_9,2020,0,E
DEU,ENV_HEATRISK_65_SH,PT_POP_Y_GE65_URB,Y_GE65,_T,_T,HSL_9,2020,0,E
DNK,ENV_HEATRISK_65_SH,PT_POP_Y_GE65_URB,Y_GE65,_T,_T,HSL_9,2020,0,E
ESP,ENV_HEATRISK_65_SH,PT_POP_Y_GE65_URB,Y_GE65,_T,_T,HSL_9,2020,61.49,E
FIN,ENV_HEATRISK_65_SH,PT_POP_Y_GE65_URB,Y_GE65,_T,_T,HSL_9,2020,0,E
FRA,ENV_HEATRISK_65_SH,PT_POP_Y_GE65_URB,Y_GE65,_T,_T,HSL_9,2020,2.11,E
GBR,ENV_HEATRISK_65_SH,PT_POP_Y_GE65_URB,Y_GE65,_T,_T,HSL_9,2020,0,E
HUN,ENV_HEATRISK_65_SH,PT_POP_Y_GE65_URB,Y_GE65,_T,_T,HSL_9,2020,0,E
ITA,ENV_HEATRISK_65_SH,PT_POP_Y_GE65_URB,Y_GE65,_T,_T,HSL_9,2020,72.11,E
JPN,ENV_HEATRISK_65_SH,PT_POP_Y_GE65_URB,Y_GE65,_T,_T,HSL_9,2020,85.33,E
KOR,ENV_HEATRISK_65_SH,PT_POP_Y_GE65_URB,Y_GE65,_T,_T,HSL_9,2020,12.86,E
LTU,ENV_HEATRISK_65_SH,PT_POP_Y_GE65_URB,Y_GE65,_T,_T,HSL_9,2020,0,E
LVA,ENV_HEATRISK_65_SH,PT_POP_Y_GE65_URB,Y_GE65,_T,_T,HSL_9,2020,0,E
MEX,ENV_HEATRISK_65_SH,PT_POP_Y_GE65_URB,Y_GE65,_T,_T,HSL_9,2020,41.84,E
NLD,ENV_HEATRISK_65_SH,PT_POP_Y_GE65_URB,Y_GE65,_T,_T,HSL_9,2020,0,E
NOR,ENV_HEATRISK_65_SH,PT_POP_Y_GE65_URB,Y_GE65,_T,_T,HSL_9,2020,0,E
NZL,ENV_HEATRISK_65_SH,PT_POP_Y_GE65_URB,Y_GE65,_T,_T,HSL_9,2020,0,E
POL,ENV_HEATRISK_65_SH,PT_POP_Y_GE65_URB,Y_GE65,_T,_T,HSL_9,2020,0,E
PRT,ENV_HEATRISK_65_SH,PT_POP_Y_GE65_URB,Y_GE65,_T,_T,HSL_9,2020,6.13,E
SVK,ENV_HEATRISK_65_SH,PT_POP_Y_GE65_URB,Y_GE65,_T,_T,HSL_9,2020,0,E
SWE,ENV_HEATRISK_65_SH,PT_POP_Y_GE65_URB,Y_GE65,_T,_T,HSL_9,2020,0,E
TUR,ENV_HEATRISK_65_SH,PT_POP_Y_GE65_URB,Y_GE65,_T,_T,HSL_9,2020,48.81,E
USA,ENV_HEATRISK_65_SH,PT_POP_Y_GE65_URB,Y_GE65,_T,_T,HSL_9,2020,11.08,E
