flow,dataflow,fetched_utc,seconds,url,path,bytes,sha256
DF_HEAT_STRESS,"OECD.CFE.EDS,DSD_FUA_CLIM@DF_HEAT_STRESS",2026-09-14T19:45:38Z,NA,"https://sdmx.oecd.org/public/rest/data/OECD.CFE.EDS,DSD_FUA_CLIM@DF_HEAT_STRESS,/all?dimensionAtObservation=AllDimensions&format=csvfilewithlabels",data/raw/fua/DF_HEAT_STRESS.csv,107947401,9c315f82ae2ba818c00ccf10df0ef964512bea4cdff963bcfe7bdc1de9eaee4c
DF_UHI,"OECD.CFE.EDS,DSD_FUA_ENV@DF_UHI",2026-09-14T19:45:39Z,NA,"https://sdmx.oecd.org/public/rest/data/OECD.CFE.EDS,DSD_FUA_ENV@DF_UHI,/all?dimensionAtObservation=AllDimensions&format=csvfilewithlabels",data/raw/fua/DF_UHI.csv,16712794,ef14bd72b0597d2a762c065c322d2169263c3146ce8ea0770d03f1c8918bf41c
DF_GREEN_AREA,"OECD.CFE.EDS,DSD_FUA_ENV@DF_GREEN_AREA",2026-09-14T19:45:39Z,NA,"https://sdmx.oecd.org/public/rest/data/OECD.CFE.EDS,DSD_FUA_ENV@DF_GREEN_AREA,/all?dimensionAtObservation=AllDimensions&format=csvfilewithlabels",data/raw/fua/DF_GREEN_AREA.csv,590758,1d2ab509dc395ce23f4489ab4a7e66b094fbadf57eb15296a258d2046f8983e6
DF_AGE_SEX,"OECD.CFE.EDS,DSD_FUA_DEMO@DF_AGE_SEX",2026-09-14T19:45:39Z,NA,"https://sdmx.oecd.org/public/rest/data/OECD.CFE.EDS,DSD_FUA_DEMO@DF_AGE_SEX,/all?dimensionAtObservation=AllDimensions&format=csvfilewithlabels",data/raw/fua/DF_AGE_SEX.csv,167142091,9e2b66d59e1ac9d1e326506538bd66fbadd05616b00e74b01a15a5429951fdb5
DF_CDD_HDD,"OECD.CFE.EDS,DSD_FUA_ENER@DF_CDD_HDD",2026-09-14T19:45:39Z,NA,"https://sdmx.oecd.org/public/rest/data/OECD.CFE.EDS,DSD_FUA_ENER@DF_CDD_HDD,/all?dimensionAtObservation=AllDimensions&format=csvfilewithlabels",data/raw/fua/DF_CDD_HDD.csv,211577930,c4061ce4b44338276cda6e0b3163c89c214242c412eb759c55187249734ac0b7
DF_HEAT_STRESS,"OECD.CFE.EDS,DSD_FUA_CLIM@DF_HEAT_STRESS",2026-09-14T20:03:20Z,12.3,"https://sdmx.oecd.org/public/rest/data/OECD.CFE.EDS,DSD_FUA_CLIM@DF_HEAT_STRESS,/all?dimensionAtObservation=AllDimensions&format=csvfilewithlabels",data/raw/fua/DF_HEAT_STRESS.csv,107947401,9c315f82ae2ba818c00ccf10df0ef964512bea4cdff963bcfe7bdc1de9eaee4c
DF_UHI,"OECD.CFE.EDS,DSD_FUA_ENV@DF_UHI",2026-09-14T20:03:32Z,5.1,"https://sdmx.oecd.org/public/rest/data/OECD.CFE.EDS,DSD_FUA_ENV@DF_UHI,/all?dimensionAtObservation=AllDimensions&format=csvfilewithlabels",data/raw/fua/DF_UHI.csv,16712794,67fd382ce8aadcd3ed93d726dafd1740373153e5d26ee3d27257d5d4e65f8969
DF_GREEN_AREA,"OECD.CFE.EDS,DSD_FUA_ENV@DF_GREEN_AREA",2026-09-14T20:03:37Z,1.3,"https://sdmx.oecd.org/public/rest/data/OECD.CFE.EDS,DSD_FUA_ENV@DF_GREEN_AREA,/all?dimensionAtObservation=AllDimensions&format=csvfilewithlabels",data/raw/fua/DF_GREEN_AREA.csv,590758,1d2ab509dc395ce23f4489ab4a7e66b094fbadf57eb15296a258d2046f8983e6
DF_AGE_SEX,"OECD.CFE.EDS,DSD_FUA_DEMO@DF_AGE_SEX",2026-09-14T20:03:39Z,22.1,"https://sdmx.oecd.org/public/rest/data/OECD.CFE.EDS,DSD_FUA_DEMO@DF_AGE_SEX,/all?dimensionAtObservation=AllDimensions&format=csvfilewithlabels",data/raw/fua/DF_AGE_SEX.csv,167142091,9e2b66d59e1ac9d1e326506538bd66fbadd05616b00e74b01a15a5429951fdb5
DF_CDD_HDD,"OECD.CFE.EDS,DSD_FUA_ENER@DF_CDD_HDD",2026-09-14T20:04:01Z,31.8,"https://sdmx.oecd.org/public/rest/data/OECD.CFE.EDS,DSD_FUA_ENER@DF_CDD_HDD,/all?dimensionAtObservation=AllDimensions&format=csvfilewithlabels",data/raw/fua/DF_CDD_HDD.csv,211577930,c4061ce4b44338276cda6e0b3163c89c214242c412eb759c55187249734ac0b7
DF_HEAT_STRESS,"OECD.CFE.EDS,DSD_FUA_CLIM@DF_HEAT_STRESS",2026-09-14T20:40:30Z,0.8,"https://sdmx.oecd.org/public/rest/data/OECD.CFE.EDS,DSD_FUA_CLIM@DF_HEAT_STRESS,/all?dimensionAtObservation=AllDimensions&format=csvfilewithlabels",data/raw/fua/DF_HEAT_STRESS.csv,107947401,9c315f82ae2ba818c00ccf10df0ef964512bea4cdff963bcfe7bdc1de9eaee4c
DF_UHI,"OECD.CFE.EDS,DSD_FUA_ENV@DF_UHI",2026-09-14T20:40:31Z,0.1,"https://sdmx.oecd.org/public/rest/data/OECD.CFE.EDS,DSD_FUA_ENV@DF_UHI,/all?dimensionAtObservation=AllDimensions&format=csvfilewithlabels",data/raw/fua/DF_UHI.csv,16712794,67fd382ce8aadcd3ed93d726dafd1740373153e5d26ee3d27257d5d4e65f8969
DF_GREEN_AREA,"OECD.CFE.EDS,DSD_FUA_ENV@DF_GREEN_AREA",2026-09-14T20:40:31Z,0.1,"https://sdmx.oecd.org/public/rest/data/OECD.CFE.EDS,DSD_FUA_ENV@DF_GREEN_AREA,/all?dimensionAtObservation=AllDimensions&format=csvfilewithlabels",data/raw/fua/DF_GREEN_AREA.csv,590758,1d2ab509dc395ce23f4489ab4a7e66b094fbadf57eb15296a258d2046f8983e6
DF_AGE_SEX,"OECD.CFE.EDS,DSD_FUA_DEMO@DF_AGE_SEX",2026-09-14T20:40:31Z,1.8,"https://sdmx.oecd.org/public/rest/data/OECD.CFE.EDS,DSD_FUA_DEMO@DF_AGE_SEX,/all?dimensionAtObservation=AllDimensions&format=csvfilewithlabels",data/raw/fua/DF_AGE_SEX.csv,167142091,9e2b66d59e1ac9d1e326506538bd66fbadd05616b00e74b01a15a5429951fdb5
DF_CDD_HDD,"OECD.CFE.EDS,DSD_FUA_ENER@DF_CDD_HDD",2026-09-14T20:40:33Z,3,"https://sdmx.oecd.org/public/rest/data/OECD.CFE.EDS,DSD_FUA_ENER@DF_CDD_HDD,/all?dimensionAtObservation=AllDimensions&format=csvfilewithlabels",data/raw/fua/DF_CDD_HDD.csv,211577930,c4061ce4b44338276cda6e0b3163c89c214242c412eb759c55187249734ac0b7
