ref_area,measure,latest_year,status,lag_years
ARG,1_1,NA,missing,NA
ARG,1_2,NA,missing,NA
ARG,1_3,NA,missing,NA
ARG,1_3_VER,NA,missing,NA
ARG,1_4,NA,missing,NA
ARG,1_5,NA,missing,NA
ARG,1_6,NA,missing,NA
ARG,11_1,NA,missing,NA
ARG,11_1_DEP,NA,missing,NA
ARG,11_1_VER,NA,missing,NA
ARG,2_5,NA,missing,NA
ARG,2_6,NA,missing,NA
ARG,2_8,NA,missing,NA
ARG,2_9,NA,missing,NA
ARG,3_1,NA,missing,NA
ARG,3_2,NA,missing,NA
ARG,3_3,NA,missing,NA
ARG,3_4,NA,missing,NA
ARG,3_5,NA,missing,NA
ARG,4_1,NA,missing,NA
ARG,4_2,NA,missing,NA
ARG,4_3,NA,missing,NA
ARG,4_4,NA,missing,NA
ARG,4_4_DEP,NA,missing,NA
ARG,4_4_VER,NA,missing,NA
ARG,5_2,NA,missing,NA
ARG,5_2_DEP,NA,missing,NA
ARG,5_4,NA,missing,NA
ARG,6_1,NA,missing,NA
ARG,6_2,NA,missing,NA
ARG,6_3,NA,missing,NA
ARG,6_4,NA,missing,NA
ARG,6_4_DEP,NA,missing,NA
ARG,6_4_VER,NA,missing,NA
ARG,6_5,NA,missing,NA
ARG,6_5_VER,NA,missing,NA
ARG,7_2,NA,missing,NA
ARG,7_3,NA,missing,NA
ARG,7_3_DEP,NA,missing,NA
ARG,7_3_VER,NA,missing,NA
ARG,7_4,NA,missing,NA
ARG,8_1,NA,missing,NA
ARG,8_1_DEP,NA,missing,NA
ARG,9_1,NA,missing,NA
AUS,1_5,NA,missing,NA
AUS,2_9,NA,missing,NA
AUS,3_1,NA,missing,NA
AUS,3_5,NA,missing,NA
AUS,4_2,NA,missing,NA
AUS,4_4,NA,missing,NA
AUS,4_4_DEP,NA,missing,NA
AUS,4_4_VER,NA,missing,NA
AUS,5_4,NA,missing,NA
AUS,6_4,NA,missing,NA
AUS,6_5,NA,missing,NA
AUS,7_3,NA,missing,NA
AUS,7_3_DEP,NA,missing,NA
AUS,7_3_VER,NA,missing,NA
AUS,7_4,NA,missing,NA
AUS,9_1,NA,missing,NA
BEL,4_2,NA,missing,NA
BEL,6_4_DEP,NA,missing,NA
BEL,6_4_VER,NA,missing,NA
BEL,6_5_VER,NA,missing,NA
BGR,1_3,NA,missing,NA
BGR,1_3_VER,NA,missing,NA
BGR,1_6,NA,missing,NA
BGR,2_5,NA,missing,NA
BGR,2_6,NA,missing,NA
BGR,2_8,NA,missing,NA
BGR,3_3,NA,missing,NA
BGR,4_1,NA,missing,NA
BGR,4_2,NA,missing,NA
BGR,4_3,NA,missing,NA
BGR,6_1,NA,missing,NA
BGR,6_2,NA,missing,NA
BGR,6_3,NA,missing,NA
BGR,6_4,NA,missing,NA
BGR,6_4_DEP,NA,missing,NA
BGR,6_4_VER,NA,missing,NA
BGR,6_5,NA,missing,NA
BGR,6_5_VER,NA,missing,NA
BGR,7_2,NA,missing,NA
BGR,8_1,NA,missing,NA
BGR,8_1_DEP,NA,missing,NA
BRA,1_1,NA,missing,NA
BRA,1_3,NA,missing,NA
BRA,1_3_VER,NA,missing,NA
BRA,1_5,NA,missing,NA
BRA,1_6,NA,missing,NA
BRA,10_3,NA,missing,NA
BRA,11_1,NA,missing,NA
BRA,11_1_DEP,NA,missing,NA
BRA,11_1_VER,NA,missing,NA
BRA,2_3,NA,missing,NA
BRA,2_5,NA,missing,NA
BRA,2_6,NA,missing,NA
BRA,2_8,NA,missing,NA
BRA,2_9,NA,missing,NA
BRA,3_1,NA,missing,NA
BRA,3_2,NA,missing,NA
BRA,3_3,NA,missing,NA
BRA,3_5,NA,missing,NA
BRA,4_1,NA,missing,NA
BRA,4_2,NA,missing,NA
BRA,4_3,NA,missing,NA
BRA,4_4,NA,missing,NA
BRA,4_4_DEP,NA,missing,NA
BRA,4_4_VER,NA,missing,NA
BRA,5_2,NA,missing,NA
BRA,5_2_DEP,NA,missing,NA
BRA,5_4,NA,missing,NA
BRA,6_4,NA,missing,NA
BRA,6_4_DEP,NA,missing,NA
BRA,6_4_VER,NA,missing,NA
BRA,6_5,NA,missing,NA
BRA,6_5_VER,NA,missing,NA
BRA,7_2,NA,missing,NA
BRA,7_3,NA,missing,NA
BRA,7_3_DEP,NA,missing,NA
BRA,7_3_VER,NA,missing,NA
BRA,7_4,NA,missing,NA
BRA,8_1,NA,missing,NA
BRA,8_1_DEP,NA,missing,NA
BRA,9_1,NA,missing,NA
CAN,3_1,NA,missing,NA
CAN,3_5,NA,missing,NA
CAN,5_4,NA,missing,NA
CAN,9_1,NA,missing,NA
CHE,1_3,NA,missing,NA
CHE,1_3_VER,NA,missing,NA
CHE,1_6,NA,missing,NA
CHE,2_6,NA,missing,NA
CHE,4_1,NA,missing,NA
CHE,4_2,NA,missing,NA
CHE,4_3,NA,missing,NA
CHE,5_4,NA,missing,NA
CHE,6_4,NA,missing,NA
CHE,6_4_VER,NA,missing,NA
CHE,6_5,NA,missing,NA
CHE,6_5_VER,NA,missing,NA
CHE,7_2,NA,missing,NA
CHL,1_1,NA,missing,NA
CHL,1_5,NA,missing,NA
CHL,11_1,NA,missing,NA
CHL,11_1_DEP,NA,missing,NA
CHL,11_1_VER,NA,missing,NA
CHL,2_3,NA,missing,NA
CHL,2_9,NA,missing,NA
CHL,3_5,NA,missing,NA
CHL,4_1,NA,missing,NA
CHL,4_2,NA,missing,NA
CHL,4_3,NA,missing,NA
CHL,4_4,NA,missing,NA
CHL,4_4_DEP,NA,missing,NA
CHL,4_4_VER,NA,missing,NA
CHL,5_4,NA,missing,NA
CHL,7_2,NA,missing,NA
CHL,7_3,NA,missing,NA
CHL,7_3_DEP,NA,missing,NA
CHL,7_3_VER,NA,missing,NA
CHL,7_4,NA,missing,NA
CHL,9_1,NA,missing,NA
COL,1_1,NA,missing,NA
COL,1_2,NA,missing,NA
COL,1_3,NA,missing,NA
COL,1_3_VER,NA,missing,NA
COL,1_4,NA,missing,NA
COL,1_5,NA,missing,NA
COL,1_6,NA,missing,NA
COL,10_3,NA,missing,NA
COL,2_5,NA,missing,NA
COL,2_6,NA,missing,NA
COL,2_9,NA,missing,NA
COL,3_4,NA,missing,NA
COL,3_5,NA,missing,NA
COL,4_1,NA,missing,NA
COL,4_3,NA,missing,NA
COL,5_4,NA,missing,NA
COL,6_4,NA,missing,NA
COL,6_4_DEP,NA,missing,NA
COL,6_4_VER,NA,missing,NA
COL,6_5,NA,missing,NA
COL,6_5_VER,NA,missing,NA
COL,7_2,NA,missing,NA
COL,7_3,NA,missing,NA
COL,7_3_DEP,NA,missing,NA
COL,7_3_VER,NA,missing,NA
COL,7_4,NA,missing,NA
COL,9_1,NA,missing,NA
CRI,1_3,NA,missing,NA
CRI,1_3_VER,NA,missing,NA
CRI,1_5,NA,missing,NA
CRI,1_6,NA,missing,NA
CRI,10_3,NA,missing,NA
CRI,11_1,NA,missing,NA
CRI,11_1_DEP,NA,missing,NA
CRI,11_1_VER,NA,missing,NA
CRI,2_5,NA,missing,NA
CRI,2_6,NA,missing,NA
CRI,2_9,NA,missing,NA
CRI,3_4,NA,missing,NA
CRI,3_5,NA,missing,NA
CRI,4_1,NA,missing,NA
CRI,4_2,NA,missing,NA
CRI,4_3,NA,missing,NA
CRI,4_4,NA,missing,NA
CRI,4_4_DEP,NA,missing,NA
CRI,4_4_VER,NA,missing,NA
CRI,5_4,NA,missing,NA
CRI,6_4,NA,missing,NA
CRI,6_4_DEP,NA,missing,NA
CRI,6_4_VER,NA,missing,NA
CRI,6_5,NA,missing,NA
CRI,6_5_VER,NA,missing,NA
CRI,7_2,NA,missing,NA
CRI,7_3,NA,missing,NA
CRI,7_3_DEP,NA,missing,NA
CRI,7_3_VER,NA,missing,NA
CRI,7_4,NA,missing,NA
CRI,9_1,NA,missing,NA
CZE,4_1,NA,missing,NA
CZE,4_2,NA,missing,NA
CZE,4_3,NA,missing,NA
CZE,7_2,NA,missing,NA
DNK,4_1,NA,missing,NA
DNK,4_2,NA,missing,NA
DNK,4_3,NA,missing,NA
DNK,7_2,NA,missing,NA
EST,4_2,NA,missing,NA
GBR,6_4,NA,missing,NA
GBR,6_4_DEP,NA,missing,NA
GBR,6_4_VER,NA,missing,NA
GBR,6_5,NA,missing,NA
GBR,6_5_VER,NA,missing,NA
GRC,4_2,NA,missing,NA
GRC,6_4,NA,missing,NA
GRC,6_5,NA,missing,NA
HRV,2_5,NA,missing,NA
HRV,2_6,NA,missing,NA
HRV,2_8,NA,missing,NA
HRV,3_3,NA,missing,NA
HRV,4_1,NA,missing,NA
HRV,4_2,NA,missing,NA
HRV,4_3,NA,missing,NA
HRV,6_1,NA,missing,NA
HRV,6_1_DEP,NA,missing,NA
HRV,6_1_VER,NA,missing,NA
HRV,6_2,NA,missing,NA
HRV,6_2_VER,NA,missing,NA
HRV,6_3,NA,missing,NA
HRV,6_3_VER,NA,missing,NA
HRV,6_4,NA,missing,NA
HRV,6_4_VER,NA,missing,NA
HRV,6_5,NA,missing,NA
HRV,6_5_VER,NA,missing,NA
HRV,7_2,NA,missing,NA
HRV,8_1,NA,missing,NA
HRV,8_1_DEP,NA,missing,NA
HUN,4_2,NA,missing,NA
HUN,8_1,NA,missing,NA
HUN,8_1_DEP,NA,missing,NA
IDN,1_1,NA,missing,NA
IDN,1_2,NA,missing,NA
IDN,1_3,NA,missing,NA
IDN,1_3_VER,NA,missing,NA
IDN,1_4,NA,missing,NA
IDN,1_5,NA,missing,NA
IDN,1_6,NA,missing,NA
IDN,10_1,NA,missing,NA
IDN,10_3,NA,missing,NA
IDN,11_1,NA,missing,NA
IDN,11_1_DEP,NA,missing,NA
IDN,11_1_VER,NA,missing,NA
IDN,2_2,NA,missing,NA
IDN,2_3,NA,missing,NA
IDN,2_4,NA,missing,NA
IDN,2_5,NA,missing,NA
IDN,2_6,NA,missing,NA
IDN,2_8,NA,missing,NA
IDN,2_8_DEP,NA,missing,NA
IDN,2_8_VER,NA,missing,NA
IDN,2_9,NA,missing,NA
IDN,3_1,NA,missing,NA
IDN,3_2,NA,missing,NA
IDN,3_3,NA,missing,NA
IDN,3_4,NA,missing,NA
IDN,3_5,NA,missing,NA
IDN,4_1,NA,missing,NA
IDN,4_2,NA,missing,NA
IDN,4_3,NA,missing,NA
IDN,4_4,NA,missing,NA
IDN,4_4_DEP,NA,missing,NA
IDN,4_4_VER,NA,missing,NA
IDN,5_2,NA,missing,NA
IDN,5_2_DEP,NA,missing,NA
IDN,5_3,NA,missing,NA
IDN,5_4,NA,missing,NA
IDN,6_1,NA,missing,NA
IDN,6_2,NA,missing,NA
IDN,6_3,NA,missing,NA
IDN,6_4,NA,missing,NA
IDN,6_4_DEP,NA,missing,NA
IDN,6_4_VER,NA,missing,NA
IDN,6_5,NA,missing,NA
IDN,6_5_VER,NA,missing,NA
IDN,7_2,NA,missing,NA
IDN,7_3,NA,missing,NA
IDN,7_3_DEP,NA,missing,NA
IDN,7_3_VER,NA,missing,NA
IDN,7_4,NA,missing,NA
IDN,8_1,NA,missing,NA
IDN,8_1_DEP,NA,missing,NA
IDN,9_1,NA,missing,NA
ISL,1_3,NA,missing,NA
ISL,1_3_VER,NA,missing,NA
ISL,1_6,NA,missing,NA
ISL,4_1,NA,missing,NA
ISL,4_2,NA,missing,NA
ISL,4_3,NA,missing,NA
ISL,6_4,NA,missing,NA
ISL,6_4_DEP,NA,missing,NA
ISL,6_4_VER,NA,missing,NA
ISL,6_5,NA,missing,NA
ISL,6_5_VER,NA,missing,NA
ISL,7_2,NA,missing,NA
ISR,1_1,NA,missing,NA
ISR,1_3,NA,missing,NA
ISR,1_3_VER,NA,missing,NA
ISR,1_5,NA,missing,NA
ISR,1_6,NA,missing,NA
ISR,11_1,NA,missing,NA
ISR,11_1_DEP,NA,missing,NA
ISR,11_1_VER,NA,missing,NA
ISR,2_9,NA,missing,NA
ISR,3_1,NA,missing,NA
ISR,3_2,NA,missing,NA
ISR,3_3,NA,missing,NA
ISR,3_4,NA,missing,NA
ISR,3_5,NA,missing,NA
ISR,4_1,NA,missing,NA
ISR,4_2,NA,missing,NA
ISR,4_3,NA,missing,NA
ISR,4_4,NA,missing,NA
ISR,4_4_DEP,NA,missing,NA
ISR,4_4_VER,NA,missing,NA
ISR,5_4,NA,missing,NA
ISR,7_2,NA,missing,NA
ISR,7_3_DEP,NA,missing,NA
ISR,7_3_VER,NA,missing,NA
ISR,7_4,NA,missing,NA
ISR,8_1,NA,missing,NA
ISR,8_1_DEP,NA,missing,NA
ISR,9_1,NA,missing,NA
JPN,1_5,NA,missing,NA
JPN,2_7,NA,missing,NA
JPN,3_5,NA,missing,NA
JPN,4_2,NA,missing,NA
JPN,4_4,NA,missing,NA
JPN,4_4_DEP,NA,missing,NA
JPN,4_4_VER,NA,missing,NA
JPN,5_4,NA,missing,NA
JPN,7_3,NA,missing,NA
JPN,7_3_DEP,NA,missing,NA
JPN,7_3_VER,NA,missing,NA
JPN,9_1,NA,missing,NA
KOR,1_3_VER,NA,missing,NA
KOR,1_5,NA,missing,NA
KOR,2_4,NA,missing,NA
KOR,2_7,NA,missing,NA
KOR,2_9,NA,missing,NA
KOR,3_5,NA,missing,NA
KOR,4_2,NA,missing,NA
KOR,4_4,NA,missing,NA
KOR,4_4_DEP,NA,missing,NA
KOR,4_4_VER,NA,missing,NA
KOR,5_4,NA,missing,NA
KOR,7_3,NA,missing,NA
KOR,7_3_DEP,NA,missing,NA
KOR,7_3_VER,NA,missing,NA
KOR,7_4,NA,missing,NA
KOR,9_1,NA,missing,NA
KOR,9_2,NA,missing,NA
LTU,2_5,NA,missing,NA
LTU,4_1,NA,missing,NA
LTU,4_2,NA,missing,NA
LTU,4_3,NA,missing,NA
LTU,7_2,NA,missing,NA
LTU,8_1,NA,missing,NA
LTU,8_1_DEP,NA,missing,NA
LUX,4_1,NA,missing,NA
LUX,4_2,NA,missing,NA
LUX,6_4,NA,missing,NA
LUX,6_4_DEP,NA,missing,NA
LUX,6_4_VER,NA,missing,NA
LUX,6_5,NA,missing,NA
LUX,6_5_VER,NA,missing,NA
LVA,4_1,NA,missing,NA
LVA,4_2,NA,missing,NA
LVA,4_3,NA,missing,NA
LVA,6_4,NA,missing,NA
LVA,6_4_VER,NA,missing,NA
LVA,6_5,NA,missing,NA
LVA,6_5_VER,NA,missing,NA
LVA,7_2,NA,missing,NA
MEX,1_3,NA,missing,NA
MEX,1_3_VER,NA,missing,NA
MEX,1_6,NA,missing,NA
MEX,3_5,NA,missing,NA
MEX,4_1,NA,missing,NA
MEX,4_3,NA,missing,NA
MEX,5_2_DEP,NA,missing,NA
MEX,5_4,NA,missing,NA
MEX,6_4,NA,missing,NA
MEX,6_5,NA,missing,NA
MEX,7_2,NA,missing,NA
MEX,7_4,NA,missing,NA
MEX,9_1,NA,missing,NA
NZL,2_9,NA,missing,NA
NZL,3_3,NA,missing,NA
NZL,3_5,NA,missing,NA
NZL,4_2,NA,missing,NA
NZL,4_4,NA,missing,NA
NZL,4_4_DEP,NA,missing,NA
NZL,4_4_VER,NA,missing,NA
NZL,5_4,NA,missing,NA
NZL,7_3,NA,missing,NA
NZL,7_3_DEP,NA,missing,NA
NZL,7_3_VER,NA,missing,NA
NZL,9_1,NA,missing,NA
PER,1_1,NA,missing,NA
PER,1_2,NA,missing,NA
PER,1_3,NA,missing,NA
PER,1_3_VER,NA,missing,NA
PER,1_4,NA,missing,NA
PER,1_5,NA,missing,NA
PER,1_6,NA,missing,NA
PER,10_3,NA,missing,NA
PER,11_1,NA,missing,NA
PER,11_1_DEP,NA,missing,NA
PER,11_1_VER,NA,missing,NA
PER,2_5,NA,missing,NA
PER,2_6,NA,missing,NA
PER,2_7,NA,missing,NA
PER,2_8,NA,missing,NA
PER,2_9,NA,missing,NA
PER,3_1,NA,missing,NA
PER,3_2,NA,missing,NA
PER,3_3,NA,missing,NA
PER,3_4,NA,missing,NA
PER,3_5,NA,missing,NA
PER,4_1,NA,missing,NA
PER,4_2,NA,missing,NA
PER,4_3,NA,missing,NA
PER,4_4,NA,missing,NA
PER,4_4_DEP,NA,missing,NA
PER,4_4_VER,NA,missing,NA
PER,5_2,NA,missing,NA
PER,5_2_DEP,NA,missing,NA
PER,5_4,NA,missing,NA
PER,6_1,NA,missing,NA
PER,6_2,NA,missing,NA
PER,6_3,NA,missing,NA
PER,6_4,NA,missing,NA
PER,6_4_DEP,NA,missing,NA
PER,6_4_VER,NA,missing,NA
PER,6_5,NA,missing,NA
PER,6_5_VER,NA,missing,NA
PER,7_2,NA,missing,NA
PER,7_3,NA,missing,NA
PER,7_3_DEP,NA,missing,NA
PER,7_3_VER,NA,missing,NA
PER,7_4,NA,missing,NA
PER,8_1,NA,missing,NA
PER,8_1_DEP,NA,missing,NA
PER,9_1,NA,missing,NA
POL,4_2,NA,missing,NA
POL,8_1,NA,missing,NA
POL,8_1_DEP,NA,missing,NA
PRT,4_1,NA,missing,NA
PRT,4_2,NA,missing,NA
PRT,4_3,NA,missing,NA
PRT,6_4,NA,missing,NA
PRT,6_4_VER,NA,missing,NA
PRT,6_5,NA,missing,NA
PRT,6_5_VER,NA,missing,NA
PRT,7_2,NA,missing,NA
ROU,1_3,NA,missing,NA
ROU,1_3_VER,NA,missing,NA
ROU,1_6,NA,missing,NA
ROU,2_5,NA,missing,NA
ROU,2_6,NA,missing,NA
ROU,2_8,NA,missing,NA
ROU,3_3,NA,missing,NA
ROU,4_1,NA,missing,NA
ROU,4_2,NA,missing,NA
ROU,4_3,NA,missing,NA
ROU,6_1,NA,missing,NA
ROU,6_2,NA,missing,NA
ROU,6_3,NA,missing,NA
ROU,6_4,NA,missing,NA
ROU,6_4_DEP,NA,missing,NA
ROU,6_4_VER,NA,missing,NA
ROU,6_5,NA,missing,NA
ROU,6_5_VER,NA,missing,NA
ROU,7_2,NA,missing,NA
ROU,8_1,NA,missing,NA
ROU,8_1_DEP,NA,missing,NA
SVK,4_1,NA,missing,NA
SVK,4_2,NA,missing,NA
SVK,4_3,NA,missing,NA
SVK,7_2,NA,missing,NA
SVN,4_1,NA,missing,NA
SVN,4_2,NA,missing,NA
SVN,4_3,NA,missing,NA
SVN,6_4,NA,missing,NA
SVN,6_5,NA,missing,NA
SVN,7_2,NA,missing,NA
SWE,1_3,NA,missing,NA
SWE,1_3_VER,NA,missing,NA
SWE,1_6,NA,missing,NA
SWE,2_8_DEP,NA,missing,NA
SWE,4_1,NA,missing,NA
SWE,4_2,NA,missing,NA
THA,1_1,NA,missing,NA
THA,1_2,NA,missing,NA
THA,1_3,NA,missing,NA
THA,1_3_VER,NA,missing,NA
THA,1_4,NA,missing,NA
THA,1_5,NA,missing,NA
THA,1_6,NA,missing,NA
THA,10_1,NA,missing,NA
THA,10_3,NA,missing,NA
THA,11_1,NA,missing,NA
THA,11_1_DEP,NA,missing,NA
THA,11_1_VER,NA,missing,NA
THA,2_2,NA,missing,NA
THA,2_3,NA,missing,NA
THA,2_4,NA,missing,NA
THA,2_5,NA,missing,NA
THA,2_6,NA,missing,NA
THA,2_7,NA,missing,NA
THA,2_8,NA,missing,NA
THA,2_8_DEP,NA,missing,NA
THA,2_8_VER,NA,missing,NA
THA,2_9,NA,missing,NA
THA,3_1,NA,missing,NA
THA,3_2,NA,missing,NA
THA,3_3,NA,missing,NA
THA,3_4,NA,missing,NA
THA,3_5,NA,missing,NA
THA,4_1,NA,missing,NA
THA,4_2,NA,missing,NA
THA,4_3,NA,missing,NA
THA,4_4,NA,missing,NA
THA,4_4_DEP,NA,missing,NA
THA,4_4_VER,NA,missing,NA
THA,5_2,NA,missing,NA
THA,5_2_DEP,NA,missing,NA
THA,5_4,NA,missing,NA
THA,6_1,NA,missing,NA
THA,6_2,NA,missing,NA
THA,6_3,NA,missing,NA
THA,6_4,NA,missing,NA
THA,6_4_DEP,NA,missing,NA
THA,6_4_VER,NA,missing,NA
THA,6_5,NA,missing,NA
THA,6_5_VER,NA,missing,NA
THA,7_2,NA,missing,NA
THA,7_3,NA,missing,NA
THA,7_3_DEP,NA,missing,NA
THA,7_3_VER,NA,missing,NA
THA,7_4,NA,missing,NA
THA,8_1,NA,missing,NA
THA,8_1_DEP,NA,missing,NA
THA,9_1,NA,missing,NA
TUR,1_1,NA,missing,NA
TUR,1_3,NA,missing,NA
TUR,1_3_VER,NA,missing,NA
TUR,1_6,NA,missing,NA
TUR,11_1_DEP,NA,missing,NA
TUR,11_1_VER,NA,missing,NA
TUR,4_4_DEP,NA,missing,NA
TUR,4_4_VER,NA,missing,NA
TUR,6_4,NA,missing,NA
TUR,6_5,NA,missing,NA
TUR,7_3_DEP,NA,missing,NA
TUR,7_3_VER,NA,missing,NA
TUR,7_4,NA,missing,NA
TUR,8_1,NA,missing,NA
TUR,8_1_DEP,NA,missing,NA
TUR,9_1,NA,missing,NA
USA,1_5,NA,missing,NA
USA,11_1,NA,missing,NA
USA,11_1_DEP,NA,missing,NA
USA,11_1_VER,NA,missing,NA
USA,2_9,NA,missing,NA
USA,3_5,NA,missing,NA
USA,4_4,NA,missing,NA
USA,4_4_DEP,NA,missing,NA
USA,4_4_VER,NA,missing,NA
USA,5_4,NA,missing,NA
USA,7_3,NA,missing,NA
USA,7_3_DEP,NA,missing,NA
USA,7_3_VER,NA,missing,NA
USA,8_1,NA,missing,NA
USA,8_1_DEP,NA,missing,NA
USA,9_1,NA,missing,NA
ZAF,1_1,NA,missing,NA
ZAF,1_3,NA,missing,NA
ZAF,1_3_VER,NA,missing,NA
ZAF,1_5,NA,missing,NA
ZAF,1_6,NA,missing,NA
ZAF,10_3,NA,missing,NA
ZAF,11_1,NA,missing,NA
ZAF,11_1_DEP,NA,missing,NA
ZAF,11_1_VER,NA,missing,NA
ZAF,2_2,NA,missing,NA
ZAF,2_5,NA,missing,NA
ZAF,2_8,NA,missing,NA
ZAF,2_8_DEP,NA,missing,NA
ZAF,2_8_VER,NA,missing,NA
ZAF,2_9,NA,missing,NA
ZAF,3_1,NA,missing,NA
ZAF,3_2,NA,missing,NA
ZAF,3_3,NA,missing,NA
ZAF,3_4,NA,missing,NA
ZAF,3_5,NA,missing,NA
ZAF,4_1,NA,missing,NA
ZAF,4_2,NA,missing,NA
ZAF,4_3,NA,missing,NA
ZAF,4_4,NA,missing,NA
ZAF,4_4_DEP,NA,missing,NA
ZAF,4_4_VER,NA,missing,NA
ZAF,5_2,NA,missing,NA
ZAF,5_2_DEP,NA,missing,NA
ZAF,5_4,NA,missing,NA
ZAF,6_1,NA,missing,NA
ZAF,6_1_DEP,NA,missing,NA
ZAF,6_1_VER,NA,missing,NA
ZAF,6_2,NA,missing,NA
ZAF,6_2_VER,NA,missing,NA
ZAF,6_3,NA,missing,NA
ZAF,6_3_VER,NA,missing,NA
ZAF,6_4,NA,missing,NA
ZAF,6_4_DEP,NA,missing,NA
ZAF,6_4_VER,NA,missing,NA
ZAF,6_5,NA,missing,NA
ZAF,6_5_VER,NA,missing,NA
ZAF,7_2,NA,missing,NA
ZAF,7_3,NA,missing,NA
ZAF,7_3_DEP,NA,missing,NA
ZAF,7_3_VER,NA,missing,NA
ZAF,7_4,NA,missing,NA
ZAF,8_1,NA,missing,NA
ZAF,8_1_DEP,NA,missing,NA
ZAF,9_1,NA,missing,NA
CAN,2_6,2005,stale,21
IRL,4_1,2005,stale,21
IRL,4_2,2005,stale,21
IRL,4_3,2005,stale,21
IRL,7_2,2005,stale,21
KOR,2_6,2005,stale,21
AUS,4_1,2006,stale,20
AUS,4_3,2006,stale,20
AUS,7_2,2006,stale,20
MEX,5_2,2006,stale,20
ESP,4_1,2009,stale,17
ESP,4_2,2009,stale,17
ESP,4_3,2009,stale,17
ESP,7_2,2009,stale,17
EST,4_1,2009,stale,17
EST,4_3,2009,stale,17
EST,7_2,2009,stale,17
FIN,4_1,2009,stale,17
FIN,4_2,2009,stale,17
FIN,4_3,2009,stale,17
FIN,7_2,2009,stale,17
FRA,4_1,2009,stale,17
FRA,4_2,2009,stale,17
FRA,4_3,2009,stale,17
FRA,7_2,2009,stale,17
HUN,4_1,2009,stale,17
HUN,4_3,2009,stale,17
HUN,7_2,2009,stale,17
NZL,4_1,2009,stale,17
NZL,4_3,2009,stale,17
NZL,7_2,2009,stale,17
NOR,4_1,2010,stale,16
NOR,4_2,2010,stale,16
NOR,4_3,2010,stale,16
NOR,7_2,2010,stale,16
SWE,4_3,2010,stale,16
SWE,7_2,2010,stale,16
JPN,3_4,2011,stale,15
AUS,3_4,2012,stale,14
AUS,6_4_DEP,2012,stale,14
AUS,6_4_VER,2012,stale,14
AUS,6_5_VER,2012,stale,14
AUT,6_4_VER,2012,stale,14
AUT,6_5_VER,2012,stale,14
BEL,4_1,2012,stale,14
BEL,7_2,2012,stale,14
CAN,6_4_VER,2012,stale,14
CAN,6_5_VER,2012,stale,14
COL,4_2,2012,stale,14
CZE,6_4_VER,2012,stale,14
CZE,6_5_VER,2012,stale,14
DEU,4_1,2012,stale,14
DEU,4_2,2012,stale,14
DEU,4_3,2012,stale,14
DEU,6_4_VER,2012,stale,14
DEU,6_5_VER,2012,stale,14
DEU,7_2,2012,stale,14
DNK,6_4_VER,2012,stale,14
DNK,6_5_VER,2012,stale,14
ESP,6_4_VER,2012,stale,14
ESP,6_5_VER,2012,stale,14
EST,6_4_VER,2012,stale,14
EST,6_5_VER,2012,stale,14
FIN,6_4_VER,2012,stale,14
FIN,6_5_VER,2012,stale,14
FRA,6_4_VER,2012,stale,14
FRA,6_5_VER,2012,stale,14
GRC,7_2,2012,stale,14
IRL,6_4_VER,2012,stale,14
IRL,6_5_VER,2012,stale,14
ITA,6_4_VER,2012,stale,14
ITA,6_5_VER,2012,stale,14
JPN,6_4_VER,2012,stale,14
JPN,6_5_VER,2012,stale,14
KOR,3_3,2012,stale,14
KOR,6_4_VER,2012,stale,14
KOR,6_5_VER,2012,stale,14
LUX,7_2,2012,stale,14
NLD,6_4_VER,2012,stale,14
NLD,6_5_VER,2012,stale,14
NOR,6_4_VER,2012,stale,14
NOR,6_5_VER,2012,stale,14
NZL,3_4,2012,stale,14
POL,4_1,2012,stale,14
POL,4_3,2012,stale,14
POL,6_4_VER,2012,stale,14
POL,6_5_VER,2012,stale,14
SVK,6_4_VER,2012,stale,14
SVK,6_5_VER,2012,stale,14
SWE,6_4_VER,2012,stale,14
SWE,6_5_VER,2012,stale,14
BEL,4_3,2013,stale,13
CHL,3_1,2013,stale,13
GRC,4_1,2013,stale,13
GRC,4_3,2013,stale,13
ITA,4_1,2013,stale,13
ITA,4_2,2013,stale,13
ITA,4_3,2013,stale,13
ITA,7_2,2013,stale,13
CHL,6_4_VER,2014,stale,12
CHL,6_5_VER,2014,stale,12
GBR,4_1,2014,stale,12
GBR,4_2,2014,stale,12
GBR,4_3,2014,stale,12
GBR,5_4,2014,stale,12
GBR,7_2,2014,stale,12
GRC,6_4_DEP,2014,stale,12
GRC,6_4_VER,2014,stale,12
GRC,6_5_VER,2014,stale,12
ISR,6_4_VER,2014,stale,12
ISR,6_5_VER,2014,stale,12
KOR,4_1,2014,stale,12
KOR,4_3,2014,stale,12
KOR,7_2,2014,stale,12
LTU,6_4_VER,2014,stale,12
LTU,6_5_VER,2014,stale,12
LUX,4_3,2014,stale,12
MEX,4_2,2014,stale,12
NZL,6_4_VER,2014,stale,12
NZL,6_5_VER,2014,stale,12
SVN,6_4_DEP,2014,stale,12
SVN,6_4_VER,2014,stale,12
SVN,6_5_VER,2014,stale,12
TUR,4_1,2014,stale,12
TUR,4_2,2014,stale,12
TUR,4_3,2014,stale,12
TUR,6_4_DEP,2014,stale,12
TUR,6_4_VER,2014,stale,12
TUR,6_5_VER,2014,stale,12
TUR,7_2,2014,stale,12
AUS,2_6,2015,stale,11
AUT,2_6,2015,stale,11
BEL,2_6,2015,stale,11
CHL,2_6,2015,stale,11
CZE,2_6,2015,stale,11
DEU,2_6,2015,stale,11
DNK,2_6,2015,stale,11
ESP,2_6,2015,stale,11
EST,2_6,2015,stale,11
FIN,2_6,2015,stale,11
FRA,2_6,2015,stale,11
GBR,2_6,2015,stale,11
GRC,2_6,2015,stale,11
HUN,2_6,2015,stale,11
IRL,2_6,2015,stale,11
ISL,2_6,2015,stale,11
ISR,2_6,2015,stale,11
ITA,2_6,2015,stale,11
JPN,2_6,2015,stale,11
LTU,2_6,2015,stale,11
LUX,2_6,2015,stale,11
LVA,2_6,2015,stale,11
MEX,2_6,2015,stale,11
NLD,2_6,2015,stale,11
NOR,2_6,2015,stale,11
NZL,2_6,2015,stale,11
POL,2_6,2015,stale,11
PRT,2_6,2015,stale,11
SVK,2_6,2015,stale,11
SVN,2_6,2015,stale,11
SWE,2_6,2015,stale,11
TUR,2_6,2015,stale,11
USA,2_6,2015,stale,11
ZAF,2_6,2015,stale,11
AUS,2_5,2016,stale,10
AUT,2_5,2016,stale,10
BEL,2_5,2016,stale,10
CAN,2_5,2016,stale,10
CHE,2_5,2016,stale,10
CHL,2_5,2016,stale,10
CZE,2_5,2016,stale,10
DEU,2_5,2016,stale,10
DNK,2_5,2016,stale,10
ESP,2_5,2016,stale,10
EST,2_5,2016,stale,10
FIN,2_5,2016,stale,10
FRA,2_5,2016,stale,10
GBR,2_5,2016,stale,10
GRC,2_5,2016,stale,10
HUN,2_5,2016,stale,10
IRL,2_5,2016,stale,10
ISL,2_5,2016,stale,10
ISR,2_5,2016,stale,10
ITA,2_5,2016,stale,10
JPN,2_5,2016,stale,10
KOR,2_5,2016,stale,10
LUX,2_5,2016,stale,10
LVA,2_5,2016,stale,10
MEX,2_5,2016,stale,10
NLD,2_5,2016,stale,10
NLD,4_1,2016,stale,10
NLD,4_2,2016,stale,10
NLD,4_3,2016,stale,10
NLD,7_2,2016,stale,10
NOR,10_1,2016,stale,10
NOR,2_5,2016,stale,10
NOR,5_3,2016,stale,10
NZL,2_5,2016,stale,10
POL,1_3,2016,stale,10
POL,1_3_VER,2016,stale,10
POL,1_6,2016,stale,10
POL,2_5,2016,stale,10
PRT,2_5,2016,stale,10
SVK,2_5,2016,stale,10
SVN,2_5,2016,stale,10
SWE,2_5,2016,stale,10
TUR,2_5,2016,stale,10
USA,2_5,2016,stale,10
ARG,10_3,2017,stale,9
CHL,3_4,2017,stale,9
GBR,1_3,2017,stale,9
GBR,1_3_VER,2017,stale,9
GBR,1_6,2017,stale,9
HUN,6_4_VER,2017,stale,9
HUN,6_5_VER,2017,stale,9
IDN,2_7,2017,stale,9
MEX,6_4_DEP,2017,stale,9
MEX,6_4_VER,2017,stale,9
MEX,6_5_VER,2017,stale,9
USA,6_4_VER,2017,stale,9
USA,6_5_VER,2017,stale,9
ZAF,1_2,2017,stale,9
ZAF,1_4,2017,stale,9
ARG,2_4,2018,stale,8
AUT,9_1,2018,stale,8
BEL,9_1,2018,stale,8
BGR,9_1,2018,stale,8
BRA,6_1,2018,stale,8
BRA,6_2,2018,stale,8
BRA,6_3,2018,stale,8
CHE,9_1,2018,stale,8
CRI,5_2,2018,stale,8
CRI,5_2_DEP,2018,stale,8
CZE,9_1,2018,stale,8
DEU,4_4,2018,stale,8
DEU,4_4_DEP,2018,stale,8
DEU,4_4_VER,2018,stale,8
DEU,7_3,2018,stale,8
DEU,7_3_DEP,2018,stale,8
DEU,7_3_VER,2018,stale,8
DEU,7_4,2018,stale,8
DEU,9_1,2018,stale,8
DNK,9_1,2018,stale,8
ESP,9_1,2018,stale,8
EST,9_1,2018,stale,8
FIN,9_1,2018,stale,8
FRA,9_1,2018,stale,8
GBR,1_5,2018,stale,8
GBR,2_9,2018,stale,8
GBR,3_5,2018,stale,8
GBR,4_4,2018,stale,8
GBR,4_4_DEP,2018,stale,8
GBR,4_4_VER,2018,stale,8
GBR,7_3,2018,stale,8
GBR,7_3_DEP,2018,stale,8
GBR,7_3_VER,2018,stale,8
GBR,9_1,2018,stale,8
GRC,9_1,2018,stale,8
HRV,9_1,2018,stale,8
HUN,3_1,2018,stale,8
HUN,9_1,2018,stale,8
IRL,9_1,2018,stale,8
ISL,11_1,2018,stale,8
ISL,11_1_DEP,2018,stale,8
ISL,11_1_VER,2018,stale,8
ISL,2_8_DEP,2018,stale,8
ISL,2_9,2018,stale,8
ISL,3_3,2018,stale,8
ISL,4_4,2018,stale,8
ISL,4_4_DEP,2018,stale,8
ISL,4_4_VER,2018,stale,8
ISL,7_3,2018,stale,8
ISL,7_3_DEP,2018,stale,8
ISL,7_3_VER,2018,stale,8
ISL,7_4,2018,stale,8
ISL,9_1,2018,stale,8
ITA,9_1,2018,stale,8
LTU,9_1,2018,stale,8
LUX,6_1,2018,stale,8
LUX,6_1_DEP,2018,stale,8
LUX,6_1_VER,2018,stale,8
LUX,6_2,2018,stale,8
LUX,6_2_VER,2018,stale,8
LUX,6_3,2018,stale,8
LUX,6_3_VER,2018,stale,8
LUX,9_1,2018,stale,8
LVA,9_1,2018,stale,8
NLD,9_1,2018,stale,8
NOR,9_1,2018,stale,8
NZL,1_3,2018,stale,8
NZL,1_3_VER,2018,stale,8
NZL,1_6,2018,stale,8
NZL,10_1,2018,stale,8
POL,9_1,2018,stale,8
PRT,9_1,2018,stale,8
ROU,9_1,2018,stale,8
SVK,9_1,2018,stale,8
SVN,9_1,2018,stale,8
SWE,9_1,2018,stale,8
TUR,2_8_DEP,2018,stale,8
TUR,2_8_VER,2018,stale,8
USA,7_2,2018,stale,8
ZAF,10_1,2018,stale,8
ZAF,5_3,2018,stale,8
ARG,2_7,2019,stale,7
AUT,5_4,2019,stale,7
BEL,5_4,2019,stale,7
BGR,5_4,2019,stale,7
COL,5_2,2019,stale,7
COL,5_2_DEP,2019,stale,7
CZE,5_4,2019,stale,7
DEU,5_4,2019,stale,7
DNK,5_4,2019,stale,7
ESP,5_4,2019,stale,7
EST,5_4,2019,stale,7
FIN,1_3,2019,stale,7
FIN,1_3_VER,2019,stale,7
FIN,1_6,2019,stale,7
FIN,5_4,2019,stale,7
FRA,5_4,2019,stale,7
GBR,3_4,2019,stale,7
GRC,5_4,2019,stale,7
HRV,5_4,2019,stale,7
HUN,5_4,2019,stale,7
IDN,2_1,2019,stale,7
IRL,5_4,2019,stale,7
ISL,1_2,2019,stale,7
ISL,1_4,2019,stale,7
ISL,5_4,2019,stale,7
ITA,5_4,2019,stale,7
JPN,1_3,2019,stale,7
JPN,1_3_VER,2019,stale,7
JPN,1_6,2019,stale,7
LTU,5_4,2019,stale,7
LUX,5_4,2019,stale,7
LVA,5_4,2019,stale,7
NLD,5_4,2019,stale,7
NOR,5_4,2019,stale,7
POL,5_4,2019,stale,7
PRT,5_4,2019,stale,7
ROU,10_3,2019,stale,7
ROU,5_4,2019,stale,7
SVK,5_4,2019,stale,7
SVN,5_4,2019,stale,7
SWE,5_4,2019,stale,7
TUR,5_4,2019,stale,7
USA,4_2,2019,stale,7
ARG,9_2,2020,stale,6
AUS,1_2,2020,stale,6
AUS,1_3,2020,stale,6
AUS,1_3_VER,2020,stale,6
AUS,1_4,2020,stale,6
AUS,1_6,2020,stale,6
AUS,11_1,2020,stale,6
AUS,11_1_DEP,2020,stale,6
AUS,11_1_VER,2020,stale,6
AUS,9_2,2020,stale,6
AUT,9_2,2020,stale,6
BEL,1_3,2020,stale,6
BEL,1_3_VER,2020,stale,6
BEL,1_6,2020,stale,6
BEL,9_2,2020,stale,6
BGR,9_2,2020,stale,6
BRA,9_2,2020,stale,6
CAN,9_2,2020,stale,6
CHE,9_2,2020,stale,6
CHL,9_2,2020,stale,6
COL,9_2,2020,stale,6
CRI,9_2,2020,stale,6
CZE,9_2,2020,stale,6
DEU,10_1,2020,stale,6
DEU,5_3,2020,stale,6
DEU,9_2,2020,stale,6
DNK,9_2,2020,stale,6
ESP,9_2,2020,stale,6
EST,9_2,2020,stale,6
FIN,9_2,2020,stale,6
FRA,1_3,2020,stale,6
FRA,1_3_VER,2020,stale,6
FRA,1_6,2020,stale,6
FRA,9_2,2020,stale,6
GBR,9_2,2020,stale,6
GRC,9_2,2020,stale,6
HRV,1_3,2020,stale,6
HRV,1_3_VER,2020,stale,6
HRV,1_6,2020,stale,6
HRV,9_2,2020,stale,6
HUN,1_3,2020,stale,6
HUN,1_3_VER,2020,stale,6
HUN,1_6,2020,stale,6
HUN,9_2,2020,stale,6
IDN,9_2,2020,stale,6
IRL,1_3,2020,stale,6
IRL,1_3_VER,2020,stale,6
IRL,1_6,2020,stale,6
IRL,9_2,2020,stale,6
ISL,1_5,2020,stale,6
ISL,3_1,2020,stale,6
ISL,3_5,2020,stale,6
ISL,9_2,2020,stale,6
ISR,9_2,2020,stale,6
ITA,1_3,2020,stale,6
ITA,1_3_VER,2020,stale,6
ITA,1_6,2020,stale,6
ITA,9_2,2020,stale,6
JPN,9_2,2020,stale,6
LTU,9_2,2020,stale,6
LUX,9_2,2020,stale,6
LVA,1_3,2020,stale,6
LVA,1_3_VER,2020,stale,6
LVA,1_6,2020,stale,6
LVA,9_2,2020,stale,6
MEX,9_2,2020,stale,6
NLD,9_2,2020,stale,6
NOR,9_2,2020,stale,6
NZL,5_3,2020,stale,6
NZL,9_2,2020,stale,6
PER,9_2,2020,stale,6
POL,9_2,2020,stale,6
PRT,1_3,2020,stale,6
PRT,1_3_VER,2020,stale,6
PRT,1_6,2020,stale,6
PRT,9_2,2020,stale,6
ROU,9_2,2020,stale,6
SVK,9_2,2020,stale,6
SVN,9_2,2020,stale,6
SWE,9_2,2020,stale,6
THA,9_2,2020,stale,6
TUR,3_1,2020,stale,6
TUR,3_3,2020,stale,6
TUR,9_2,2020,stale,6
USA,9_2,2020,stale,6
ZAF,9_2,2020,stale,6
AUS,3_3,2021,stale,5
AUT,1_3,2021,stale,5
AUT,1_3_VER,2021,stale,5
AUT,1_6,2021,stale,5
AUT,3_4,2021,stale,5
AUT,8_1,2021,stale,5
AUT,8_1_DEP,2021,stale,5
BEL,10_1,2021,stale,5
BEL,3_4,2021,stale,5
BGR,3_4,2021,stale,5
BRA,10_1,2021,stale,5
CAN,1_5,2021,stale,5
CAN,3_4,2021,stale,5
CAN,7_3,2021,stale,5
CAN,7_3_DEP,2021,stale,5
CAN,7_3_VER,2021,stale,5
CHE,3_4,2021,stale,5
CHL,1_3,2021,stale,5
CHL,1_3_VER,2021,stale,5
CHL,1_6,2021,stale,5
COL,10_1,2021,stale,5
CRI,1_1,2021,stale,5
CRI,3_2,2021,stale,5
CZE,1_3,2021,stale,5
CZE,1_3_VER,2021,stale,5
CZE,1_6,2021,stale,5
CZE,3_4,2021,stale,5
DEU,1_3,2021,stale,5
DEU,1_3_VER,2021,stale,5
DEU,1_6,2021,stale,5
DEU,3_4,2021,stale,5
DNK,10_3,2021,stale,5
DNK,3_4,2021,stale,5
ESP,1_3,2021,stale,5
ESP,1_3_VER,2021,stale,5
ESP,1_6,2021,stale,5
ESP,3_4,2021,stale,5
EST,1_3,2021,stale,5
EST,1_3_VER,2021,stale,5
EST,1_6,2021,stale,5
EST,3_4,2021,stale,5
FIN,3_4,2021,stale,5
FRA,3_4,2021,stale,5
GBR,10_1,2021,stale,5
GRC,1_3,2021,stale,5
GRC,1_3_VER,2021,stale,5
GRC,1_6,2021,stale,5
GRC,3_4,2021,stale,5
HRV,10_1,2021,stale,5
HRV,3_4,2021,stale,5
HUN,3_4,2021,stale,5
IRL,3_4,2021,stale,5
ISL,3_4,2021,stale,5
ISL,5_2,2021,stale,5
ISL,5_2_DEP,2021,stale,5
ISR,7_3,2021,stale,5
ITA,3_4,2021,stale,5
JPN,1_2,2021,stale,5
JPN,1_4,2021,stale,5
JPN,10_1,2021,stale,5
JPN,4_1,2021,stale,5
JPN,4_3,2021,stale,5
JPN,7_2,2021,stale,5
JPN,8_1,2021,stale,5
JPN,8_1_DEP,2021,stale,5
LTU,1_3,2021,stale,5
LTU,1_3_VER,2021,stale,5
LTU,1_6,2021,stale,5
LTU,3_4,2021,stale,5
LUX,1_3,2021,stale,5
LUX,1_3_VER,2021,stale,5
LUX,1_6,2021,stale,5
LUX,10_3,2021,stale,5
LUX,3_4,2021,stale,5
LVA,3_4,2021,stale,5
MEX,1_5,2021,stale,5
MEX,11_1,2021,stale,5
MEX,11_1_DEP,2021,stale,5
MEX,11_1_VER,2021,stale,5
MEX,2_9,2021,stale,5
MEX,4_4,2021,stale,5
MEX,4_4_DEP,2021,stale,5
MEX,4_4_VER,2021,stale,5
MEX,7_3,2021,stale,5
MEX,7_3_DEP,2021,stale,5
MEX,7_3_VER,2021,stale,5
NLD,3_4,2021,stale,5
NOR,3_4,2021,stale,5
NZL,1_5,2021,stale,5
NZL,11_1_DEP,2021,stale,5
NZL,11_1_VER,2021,stale,5
PER,8_2,2021,stale,5
POL,3_4,2021,stale,5
PRT,3_4,2021,stale,5
ROU,3_4,2021,stale,5
SVK,1_3,2021,stale,5
SVK,1_3_VER,2021,stale,5
SVK,1_6,2021,stale,5
SVK,3_4,2021,stale,5
SVN,1_3,2021,stale,5
SVN,1_3_VER,2021,stale,5
SVN,1_6,2021,stale,5
SVN,3_4,2021,stale,5
SWE,3_4,2021,stale,5
TUR,3_4,2021,stale,5
ARG,10_1,2022,stale,4
ARG,6_1_DEP,2022,stale,4
ARG,6_1_VER,2022,stale,4
ARG,6_2_VER,2022,stale,4
ARG,6_3_VER,2022,stale,4
AUS,5_2,2022,stale,4
AUS,5_2_DEP,2022,stale,4
AUS,6_1,2022,stale,4
AUS,6_1_DEP,2022,stale,4
AUS,6_1_VER,2022,stale,4
AUS,6_2,2022,stale,4
AUS,6_2_VER,2022,stale,4
AUS,6_3,2022,stale,4
AUS,6_3_VER,2022,stale,4
AUT,4_1,2022,stale,4
AUT,4_2,2022,stale,4
AUT,4_3,2022,stale,4
AUT,4_4,2022,stale,4
AUT,4_4_DEP,2022,stale,4
AUT,4_4_VER,2022,stale,4
AUT,6_1,2022,stale,4
AUT,6_1_DEP,2022,stale,4
AUT,6_1_VER,2022,stale,4
AUT,6_2,2022,stale,4
AUT,6_2_VER,2022,stale,4
AUT,6_3,2022,stale,4
AUT,6_3_VER,2022,stale,4
AUT,7_2,2022,stale,4
AUT,7_3,2022,stale,4
AUT,7_3_DEP,2022,stale,4
AUT,7_3_VER,2022,stale,4
AUT,7_4,2022,stale,4
BEL,2_2,2022,stale,4
BEL,4_4,2022,stale,4
BEL,4_4_DEP,2022,stale,4
BEL,4_4_VER,2022,stale,4
BEL,5_3,2022,stale,4
BEL,6_1,2022,stale,4
BEL,6_1_DEP,2022,stale,4
BEL,6_1_VER,2022,stale,4
BEL,6_2,2022,stale,4
BEL,6_2_VER,2022,stale,4
BEL,6_3,2022,stale,4
BEL,6_3_VER,2022,stale,4
BEL,7_3,2022,stale,4
BEL,7_3_DEP,2022,stale,4
BEL,7_3_VER,2022,stale,4
BEL,7_4,2022,stale,4
BGR,1_1,2022,stale,4
BGR,10_1,2022,stale,4
BGR,3_2,2022,stale,4
BGR,4_4,2022,stale,4
BGR,4_4_DEP,2022,stale,4
BGR,4_4_VER,2022,stale,4
BGR,6_1_DEP,2022,stale,4
BGR,6_1_VER,2022,stale,4
BGR,6_2_VER,2022,stale,4
BGR,6_3_VER,2022,stale,4
BGR,7_3,2022,stale,4
BGR,7_3_DEP,2022,stale,4
BGR,7_3_VER,2022,stale,4
BGR,7_4,2022,stale,4
BRA,1_2,2022,stale,4
BRA,1_4,2022,stale,4
BRA,6_1_DEP,2022,stale,4
BRA,6_1_VER,2022,stale,4
BRA,6_2_VER,2022,stale,4
BRA,6_3_VER,2022,stale,4
BRA,8_2,2022,stale,4
CAN,10_1,2022,stale,4
CAN,3_3,2022,stale,4
CAN,4_1,2022,stale,4
CAN,4_2,2022,stale,4
CAN,4_3,2022,stale,4
CAN,4_4,2022,stale,4
CAN,4_4_DEP,2022,stale,4
CAN,4_4_VER,2022,stale,4
CAN,6_1,2022,stale,4
CAN,6_1_DEP,2022,stale,4
CAN,6_1_VER,2022,stale,4
CAN,6_2,2022,stale,4
CAN,6_2_VER,2022,stale,4
CAN,6_3,2022,stale,4
CAN,6_3_VER,2022,stale,4
CAN,7_2,2022,stale,4
CHE,2_8_DEP,2022,stale,4
CHE,2_8_VER,2022,stale,4
CHE,3_2,2022,stale,4
CHE,4_4,2022,stale,4
CHE,4_4_DEP,2022,stale,4
CHE,4_4_VER,2022,stale,4
CHE,6_1,2022,stale,4
CHE,6_1_DEP,2022,stale,4
CHE,6_1_VER,2022,stale,4
CHE,6_2,2022,stale,4
CHE,6_2_VER,2022,stale,4
CHE,6_3,2022,stale,4
CHE,6_3_VER,2022,stale,4
CHE,7_3,2022,stale,4
CHE,7_3_DEP,2022,stale,4
CHE,7_3_VER,2022,stale,4
CHE,7_4,2022,stale,4
CHL,1_2,2022,stale,4
CHL,1_4,2022,stale,4
CHL,10_1,2022,stale,4
CHL,2_4,2022,stale,4
CHL,3_3,2022,stale,4
CHL,6_1,2022,stale,4
CHL,6_1_DEP,2022,stale,4
CHL,6_1_VER,2022,stale,4
CHL,6_2,2022,stale,4
CHL,6_2_VER,2022,stale,4
CHL,6_3,2022,stale,4
CHL,6_3_VER,2022,stale,4
COL,11_1,2022,stale,4
COL,11_1_DEP,2022,stale,4
COL,11_1_VER,2022,stale,4
COL,4_4,2022,stale,4
COL,4_4_DEP,2022,stale,4
COL,4_4_VER,2022,stale,4
COL,6_1,2022,stale,4
COL,6_1_DEP,2022,stale,4
COL,6_1_VER,2022,stale,4
COL,6_2,2022,stale,4
COL,6_2_VER,2022,stale,4
COL,6_3,2022,stale,4
COL,6_3_VER,2022,stale,4
COL,8_2,2022,stale,4
CRI,10_1,2022,stale,4
CRI,6_1,2022,stale,4
CRI,6_1_DEP,2022,stale,4
CRI,6_1_VER,2022,stale,4
CRI,6_2,2022,stale,4
CRI,6_2_VER,2022,stale,4
CRI,6_3,2022,stale,4
CRI,6_3_VER,2022,stale,4
CZE,4_4,2022,stale,4
CZE,4_4_DEP,2022,stale,4
CZE,4_4_VER,2022,stale,4
CZE,6_1,2022,stale,4
CZE,6_1_DEP,2022,stale,4
CZE,6_1_VER,2022,stale,4
CZE,6_2,2022,stale,4
CZE,6_2_VER,2022,stale,4
CZE,6_3,2022,stale,4
CZE,6_3_VER,2022,stale,4
CZE,7_3,2022,stale,4
CZE,7_3_DEP,2022,stale,4
CZE,7_3_VER,2022,stale,4
CZE,7_4,2022,stale,4
DEU,6_1,2022,stale,4
DEU,6_1_DEP,2022,stale,4
DEU,6_1_VER,2022,stale,4
DEU,6_2,2022,stale,4
DEU,6_2_VER,2022,stale,4
DEU,6_3,2022,stale,4
DEU,6_3_VER,2022,stale,4
DNK,1_2,2022,stale,4
DNK,1_3,2022,stale,4
DNK,1_3_VER,2022,stale,4
DNK,1_4,2022,stale,4
DNK,1_6,2022,stale,4
DNK,10_1,2022,stale,4
DNK,4_4,2022,stale,4
DNK,4_4_DEP,2022,stale,4
DNK,4_4_VER,2022,stale,4
DNK,5_3,2022,stale,4
DNK,6_1,2022,stale,4
DNK,6_1_DEP,2022,stale,4
DNK,6_1_VER,2022,stale,4
DNK,6_2,2022,stale,4
DNK,6_2_VER,2022,stale,4
DNK,6_3,2022,stale,4
DNK,6_3_VER,2022,stale,4
DNK,7_3,2022,stale,4
DNK,7_3_DEP,2022,stale,4
DNK,7_3_VER,2022,stale,4
DNK,7_4,2022,stale,4
ESP,4_4,2022,stale,4
ESP,4_4_DEP,2022,stale,4
ESP,4_4_VER,2022,stale,4
ESP,6_1,2022,stale,4
ESP,6_1_DEP,2022,stale,4
ESP,6_1_VER,2022,stale,4
ESP,6_2,2022,stale,4
ESP,6_2_VER,2022,stale,4
ESP,6_3,2022,stale,4
ESP,6_3_VER,2022,stale,4
ESP,7_3,2022,stale,4
ESP,7_3_DEP,2022,stale,4
ESP,7_3_VER,2022,stale,4
ESP,7_4,2022,stale,4
EST,10_1,2022,stale,4
EST,4_4,2022,stale,4
EST,4_4_DEP,2022,stale,4
EST,4_4_VER,2022,stale,4
EST,6_1,2022,stale,4
EST,6_1_DEP,2022,stale,4
EST,6_1_VER,2022,stale,4
EST,6_2,2022,stale,4
EST,6_2_VER,2022,stale,4
EST,6_3,2022,stale,4
EST,6_3_VER,2022,stale,4
EST,7_3,2022,stale,4
EST,7_3_DEP,2022,stale,4
EST,7_3_VER,2022,stale,4
EST,7_4,2022,stale,4
FIN,10_1,2022,stale,4
FIN,4_4,2022,stale,4
FIN,4_4_DEP,2022,stale,4
FIN,4_4_VER,2022,stale,4
FIN,6_1,2022,stale,4
FIN,6_1_DEP,2022,stale,4
FIN,6_1_VER,2022,stale,4
FIN,6_2,2022,stale,4
FIN,6_2_VER,2022,stale,4
FIN,6_3,2022,stale,4
FIN,6_3_VER,2022,stale,4
FIN,7_3,2022,stale,4
FIN,7_3_DEP,2022,stale,4
FIN,7_3_VER,2022,stale,4
FIN,7_4,2022,stale,4
FRA,10_1,2022,stale,4
FRA,4_4,2022,stale,4
FRA,4_4_DEP,2022,stale,4
FRA,4_4_VER,2022,stale,4
FRA,6_1,2022,stale,4
FRA,6_1_DEP,2022,stale,4
FRA,6_1_VER,2022,stale,4
FRA,6_2,2022,stale,4
FRA,6_2_VER,2022,stale,4
FRA,6_3,2022,stale,4
FRA,6_3_VER,2022,stale,4
FRA,7_3,2022,stale,4
FRA,7_3_DEP,2022,stale,4
FRA,7_3_VER,2022,stale,4
FRA,7_4,2022,stale,4
FRA,8_2,2022,stale,4
GBR,11_1,2022,stale,4
GBR,11_1_DEP,2022,stale,4
GBR,11_1_VER,2022,stale,4
GBR,3_1,2022,stale,4
GBR,3_3,2022,stale,4
GBR,6_1,2022,stale,4
GBR,6_1_DEP,2022,stale,4
GBR,6_1_VER,2022,stale,4
GBR,6_2,2022,stale,4
GBR,6_2_VER,2022,stale,4
GBR,6_3,2022,stale,4
GBR,6_3_VER,2022,stale,4
GRC,10_1,2022,stale,4
GRC,2_2,2022,stale,4
GRC,4_4,2022,stale,4
GRC,4_4_DEP,2022,stale,4
GRC,4_4_VER,2022,stale,4
GRC,5_3,2022,stale,4
GRC,6_1,2022,stale,4
GRC,6_1_DEP,2022,stale,4
GRC,6_1_VER,2022,stale,4
GRC,6_2,2022,stale,4
GRC,6_2_VER,2022,stale,4
GRC,6_3,2022,stale,4
GRC,6_3_VER,2022,stale,4
GRC,7_3,2022,stale,4
GRC,7_3_DEP,2022,stale,4
GRC,7_3_VER,2022,stale,4
GRC,7_4,2022,stale,4
HRV,2_2,2022,stale,4
HRV,4_4,2022,stale,4
HRV,4_4_DEP,2022,stale,4
HRV,4_4_VER,2022,stale,4
HRV,7_3,2022,stale,4
HRV,7_3_DEP,2022,stale,4
HRV,7_3_VER,2022,stale,4
HRV,7_4,2022,stale,4
HUN,11_1_DEP,2022,stale,4
HUN,11_1_VER,2022,stale,4
HUN,4_4,2022,stale,4
HUN,4_4_DEP,2022,stale,4
HUN,4_4_VER,2022,stale,4
HUN,6_1,2022,stale,4
HUN,6_1_DEP,2022,stale,4
HUN,6_1_VER,2022,stale,4
HUN,6_2,2022,stale,4
HUN,6_2_VER,2022,stale,4
HUN,6_3,2022,stale,4
HUN,6_3_VER,2022,stale,4
HUN,7_3,2022,stale,4
HUN,7_3_DEP,2022,stale,4
HUN,7_3_VER,2022,stale,4
HUN,7_4,2022,stale,4
IDN,6_1_DEP,2022,stale,4
IDN,6_1_VER,2022,stale,4
IDN,6_2_VER,2022,stale,4
IDN,6_3_VER,2022,stale,4
IRL,10_1,2022,stale,4
IRL,4_4,2022,stale,4
IRL,4_4_DEP,2022,stale,4
IRL,4_4_VER,2022,stale,4
IRL,5_3,2022,stale,4
IRL,6_1,2022,stale,4
IRL,6_1_DEP,2022,stale,4
IRL,6_1_VER,2022,stale,4
IRL,6_2,2022,stale,4
IRL,6_2_VER,2022,stale,4
IRL,6_3,2022,stale,4
IRL,6_3_VER,2022,stale,4
IRL,7_3,2022,stale,4
IRL,7_3_DEP,2022,stale,4
IRL,7_3_VER,2022,stale,4
IRL,7_4,2022,stale,4
ISL,10_1,2022,stale,4
ISL,10_3,2022,stale,4
ISL,2_2,2022,stale,4
ISL,2_8_VER,2022,stale,4
ISL,6_1,2022,stale,4
ISL,6_1_DEP,2022,stale,4
ISL,6_1_VER,2022,stale,4
ISL,6_2,2022,stale,4
ISL,6_2_VER,2022,stale,4
ISL,6_3,2022,stale,4
ISL,6_3_VER,2022,stale,4
ISR,10_1,2022,stale,4
ISR,2_2,2022,stale,4
ISR,2_8_DEP,2022,stale,4
ISR,2_8_VER,2022,stale,4
ISR,6_1,2022,stale,4
ISR,6_1_DEP,2022,stale,4
ISR,6_1_VER,2022,stale,4
ISR,6_2,2022,stale,4
ISR,6_2_VER,2022,stale,4
ISR,6_3,2022,stale,4
ISR,6_3_VER,2022,stale,4
ISR,8_2,2022,stale,4
ITA,10_1,2022,stale,4
ITA,4_4,2022,stale,4
ITA,4_4_DEP,2022,stale,4
ITA,4_4_VER,2022,stale,4
ITA,6_1,2022,stale,4
ITA,6_1_DEP,2022,stale,4
ITA,6_1_VER,2022,stale,4
ITA,6_2,2022,stale,4
ITA,6_2_VER,2022,stale,4
ITA,6_3,2022,stale,4
ITA,6_3_VER,2022,stale,4
ITA,7_3,2022,stale,4
ITA,7_3_DEP,2022,stale,4
ITA,7_3_VER,2022,stale,4
ITA,7_4,2022,stale,4
ITA,8_2,2022,stale,4
JPN,5_2,2022,stale,4
JPN,5_2_DEP,2022,stale,4
JPN,6_1,2022,stale,4
JPN,6_1_DEP,2022,stale,4
JPN,6_1_VER,2022,stale,4
JPN,6_2,2022,stale,4
JPN,6_2_VER,2022,stale,4
JPN,6_3,2022,stale,4
JPN,6_3_VER,2022,stale,4
KOR,10_1,2022,stale,4
KOR,11_1,2022,stale,4
KOR,11_1_DEP,2022,stale,4
KOR,11_1_VER,2022,stale,4
KOR,6_1,2022,stale,4
KOR,6_1_DEP,2022,stale,4
KOR,6_1_VER,2022,stale,4
KOR,6_2,2022,stale,4
KOR,6_2_VER,2022,stale,4
KOR,6_3,2022,stale,4
KOR,6_3_VER,2022,stale,4
LTU,4_4,2022,stale,4
LTU,4_4_DEP,2022,stale,4
LTU,4_4_VER,2022,stale,4
LTU,6_1,2022,stale,4
LTU,6_1_DEP,2022,stale,4
LTU,6_1_VER,2022,stale,4
LTU,6_2,2022,stale,4
LTU,6_2_VER,2022,stale,4
LTU,6_3,2022,stale,4
LTU,6_3_VER,2022,stale,4
LTU,7_3,2022,stale,4
LTU,7_3_DEP,2022,stale,4
LTU,7_3_VER,2022,stale,4
LTU,7_4,2022,stale,4
LUX,2_2,2022,stale,4
LUX,4_4,2022,stale,4
LUX,4_4_DEP,2022,stale,4
LUX,4_4_VER,2022,stale,4
LUX,7_3,2022,stale,4
LUX,7_3_DEP,2022,stale,4
LUX,7_3_VER,2022,stale,4
LUX,7_4,2022,stale,4
LVA,4_4,2022,stale,4
LVA,4_4_DEP,2022,stale,4
LVA,4_4_VER,2022,stale,4
LVA,6_1,2022,stale,4
LVA,6_1_DEP,2022,stale,4
LVA,6_1_VER,2022,stale,4
LVA,6_2,2022,stale,4
LVA,6_2_VER,2022,stale,4
LVA,6_3,2022,stale,4
LVA,6_3_VER,2022,stale,4
LVA,7_3,2022,stale,4
LVA,7_3_DEP,2022,stale,4
LVA,7_3_VER,2022,stale,4
LVA,7_4,2022,stale,4
LVA,8_2,2022,stale,4
MEX,1_2,2022,stale,4
MEX,1_4,2022,stale,4
MEX,10_1,2022,stale,4
MEX,3_1,2022,stale,4
MEX,3_3,2022,stale,4
MEX,6_1,2022,stale,4
MEX,6_1_DEP,2022,stale,4
MEX,6_1_VER,2022,stale,4
MEX,6_2,2022,stale,4
MEX,6_2_VER,2022,stale,4
MEX,6_3,2022,stale,4
MEX,6_3_VER,2022,stale,4
NLD,4_4,2022,stale,4
NLD,4_4_DEP,2022,stale,4
NLD,4_4_VER,2022,stale,4
NLD,6_1,2022,stale,4
NLD,6_1_DEP,2022,stale,4
NLD,6_1_VER,2022,stale,4
NLD,6_2,2022,stale,4
NLD,6_2_VER,2022,stale,4
NLD,6_3,2022,stale,4
NLD,6_3_VER,2022,stale,4
NLD,7_3,2022,stale,4
NLD,7_3_DEP,2022,stale,4
NLD,7_3_VER,2022,stale,4
NLD,7_4,2022,stale,4
NOR,1_1,2022,stale,4
NOR,1_3,2022,stale,4
NOR,1_3_VER,2022,stale,4
NOR,1_6,2022,stale,4
NOR,3_2,2022,stale,4
NOR,4_4,2022,stale,4
NOR,4_4_DEP,2022,stale,4
NOR,4_4_VER,2022,stale,4
NOR,6_1,2022,stale,4
NOR,6_1_DEP,2022,stale,4
NOR,6_1_VER,2022,stale,4
NOR,6_2,2022,stale,4
NOR,6_2_VER,2022,stale,4
NOR,6_3,2022,stale,4
NOR,6_3_VER,2022,stale,4
NOR,7_3,2022,stale,4
NOR,7_3_DEP,2022,stale,4
NOR,7_3_VER,2022,stale,4
NOR,7_4,2022,stale,4
NZL,1_2,2022,stale,4
NZL,1_4,2022,stale,4
NZL,3_2,2022,stale,4
NZL,6_1,2022,stale,4
NZL,6_1_DEP,2022,stale,4
NZL,6_1_VER,2022,stale,4
NZL,6_2,2022,stale,4
NZL,6_2_VER,2022,stale,4
NZL,6_3,2022,stale,4
NZL,6_3_VER,2022,stale,4
PER,10_1,2022,stale,4
PER,2_2,2022,stale,4
PER,2_3,2022,stale,4
PER,2_8_DEP,2022,stale,4
PER,2_8_VER,2022,stale,4
PER,5_3,2022,stale,4
PER,6_1_DEP,2022,stale,4
PER,6_1_VER,2022,stale,4
PER,6_2_VER,2022,stale,4
PER,6_3_VER,2022,stale,4
POL,10_1,2022,stale,4
POL,4_4,2022,stale,4
POL,4_4_DEP,2022,stale,4
POL,4_4_VER,2022,stale,4
POL,6_1,2022,stale,4
POL,6_1_DEP,2022,stale,4
POL,6_1_VER,2022,stale,4
POL,6_2,2022,stale,4
POL,6_2_VER,2022,stale,4
POL,6_3,2022,stale,4
POL,6_3_VER,2022,stale,4
POL,7_3,2022,stale,4
POL,7_3_DEP,2022,stale,4
POL,7_3_VER,2022,stale,4
POL,7_4,2022,stale,4
PRT,10_1,2022,stale,4
PRT,2_2,2022,stale,4
PRT,4_4,2022,stale,4
PRT,4_4_DEP,2022,stale,4
PRT,4_4_VER,2022,stale,4
PRT,5_3,2022,stale,4
PRT,6_1,2022,stale,4
PRT,6_1_DEP,2022,stale,4
PRT,6_1_VER,2022,stale,4
PRT,6_2,2022,stale,4
PRT,6_2_VER,2022,stale,4
PRT,6_3,2022,stale,4
PRT,6_3_VER,2022,stale,4
PRT,7_3,2022,stale,4
PRT,7_3_DEP,2022,stale,4
PRT,7_3_VER,2022,stale,4
PRT,7_4,2022,stale,4
ROU,10_1,2022,stale,4
ROU,2_2,2022,stale,4
ROU,4_4,2022,stale,4
ROU,4_4_DEP,2022,stale,4
ROU,4_4_VER,2022,stale,4
ROU,6_1_DEP,2022,stale,4
ROU,6_1_VER,2022,stale,4
ROU,6_2_VER,2022,stale,4
ROU,6_3_VER,2022,stale,4
ROU,7_3,2022,stale,4
ROU,7_3_DEP,2022,stale,4
ROU,7_3_VER,2022,stale,4
ROU,7_4,2022,stale,4
SVK,4_4,2022,stale,4
SVK,4_4_DEP,2022,stale,4
SVK,4_4_VER,2022,stale,4
SVK,6_1,2022,stale,4
SVK,6_1_DEP,2022,stale,4
SVK,6_1_VER,2022,stale,4
SVK,6_2,2022,stale,4
SVK,6_2_VER,2022,stale,4
SVK,6_3,2022,stale,4
SVK,6_3_VER,2022,stale,4
SVK,7_3,2022,stale,4
SVK,7_3_DEP,2022,stale,4
SVK,7_3_VER,2022,stale,4
SVK,7_4,2022,stale,4
SVN,4_4,2022,stale,4
SVN,4_4_DEP,2022,stale,4
SVN,4_4_VER,2022,stale,4
SVN,6_1,2022,stale,4
SVN,6_1_DEP,2022,stale,4
SVN,6_1_VER,2022,stale,4
SVN,6_2,2022,stale,4
SVN,6_2_VER,2022,stale,4
SVN,6_3,2022,stale,4
SVN,6_3_VER,2022,stale,4
SVN,7_3,2022,stale,4
SVN,7_3_DEP,2022,stale,4
SVN,7_3_VER,2022,stale,4
SVN,7_4,2022,stale,4
SWE,4_4,2022,stale,4
SWE,4_4_DEP,2022,stale,4
SWE,4_4_VER,2022,stale,4
SWE,6_1,2022,stale,4
SWE,6_1_DEP,2022,stale,4
SWE,6_1_VER,2022,stale,4
SWE,6_2,2022,stale,4
SWE,6_2_VER,2022,stale,4
SWE,6_3,2022,stale,4
SWE,6_3_VER,2022,stale,4
SWE,7_3,2022,stale,4
SWE,7_3_DEP,2022,stale,4
SWE,7_3_VER,2022,stale,4
SWE,7_4,2022,stale,4
SWE,8_2,2022,stale,4
THA,6_1_DEP,2022,stale,4
THA,6_1_VER,2022,stale,4
THA,6_2_VER,2022,stale,4
THA,6_3_VER,2022,stale,4
TUR,1_2,2022,stale,4
TUR,1_4,2022,stale,4
TUR,4_4,2022,stale,4
TUR,5_1,2022,stale,4
TUR,6_1,2022,stale,4
TUR,6_1_DEP,2022,stale,4
TUR,6_1_VER,2022,stale,4
TUR,6_2,2022,stale,4
TUR,6_2_VER,2022,stale,4
TUR,6_3,2022,stale,4
TUR,6_3_VER,2022,stale,4
TUR,7_3,2022,stale,4
USA,1_3,2022,stale,4
USA,1_3_VER,2022,stale,4
USA,1_6,2022,stale,4
USA,10_1,2022,stale,4
USA,4_1,2022,stale,4
USA,4_3,2022,stale,4
USA,6_1,2022,stale,4
USA,6_1_DEP,2022,stale,4
USA,6_1_VER,2022,stale,4
USA,6_2,2022,stale,4
USA,6_2_VER,2022,stale,4
USA,6_3,2022,stale,4
USA,6_3_VER,2022,stale,4
