STRUCTURE,STRUCTURE_ID,STRUCTURE_NAME,ACTION,REF_AREA,Reference area,MEASURE,Measure,UNIT_MEASURE,Unit of measure,AGE,Age,SEX,Sex,EDUCATION_LEV,Education level,DOMAIN,Domain,TIME_PERIOD,Time period,OBS_VALUE,Observation value,OBS_STATUS,Observation status,UNIT_MULT,Unit multiplier,DECIMALS,Decimals,BASE_PER,Base period
DATAFLOW,OECD.WISE.WDP:DSD_HSL@DF_HSL_CWB(1.1),Current well-being,I,AUS,Australia,9_3,Exposure to extreme temperature,PT_POP,Percentage of population,_T,Total,_T,Total,_T,Total,HSL_9,Environmental quality,2022,,8.9972657406,,A,Normal value,0,Units,2,Two,_Z,
DATAFLOW,OECD.WISE.WDP:DSD_HSL@DF_HSL_CWB(1.1),Current well-being,I,AUS,Australia,9_3,Exposure to extreme temperature,PT_POP,Percentage of population,_T,Total,_T,Total,_T,Total,HSL_9,Environmental quality,2021,,4.4441402779,,A,Normal value,0,Units,2,Two,_Z,
DATAFLOW,OECD.WISE.WDP:DSD_HSL@DF_HSL_CWB(1.1),Current well-being,I,AUS,Australia,5_1,Life expectancy at birth,Y,Years,_T,Total,_T,Total,_T,Total,HSL_5,Health,2022,,83.2,,A,Normal value,0,Units,2,Two,_Z,
DATAFLOW,OECD.WISE.WDP:DSD_HSL@DF_HSL_CWB(1.1),Current well-being,I,AUS,Australia,5_1,Life expectancy at birth,Y,Years,_T,Total,_T,Total,_T,Total,HSL_5,Health,2021,,83.3,,A,Normal value,0,Units,2,Two,_Z,
DATAFLOW,OECD.WISE.WDP:DSD_HSL@DF_HSL_CWB(1.1),Current well-being,I,AUS,Australia,5_1,Life expectancy at birth,Y,Years,_T,Total,_T,Total,_T,Total,HSL_5,Health,2020,,83.2,,A,Normal value,0,Units,2,Two,_Z,
DATAFLOW,OECD.WISE.WDP:DSD_HSL@DF_HSL_CWB(1.1),Current well-being,I,AUS,Australia,11_2,Negative affect balance,PT_POP_Y_GE15,Percentage of population aged 15 years or over,_T,Total,_T,Total,_T,Total,HSL_11,Subjective well-being,2023,,14.8530429265,,A,Normal value,0,Units,2,Two,_Z,
DATAFLOW,OECD.WISE.WDP:DSD_HSL@DF_HSL_CWB(1.1),Current well-being,I,AUS,Australia,8_1_DEP,Not having a say in government,PT_POP_Y16T65,Percentage of population aged 16-65 years,_T,Total,_T,Total,_T,Total,HSL_8,Civic engagement,2021,,46.815718,,A,Normal value,0,Units,2,Two,_Z,
DATAFLOW,OECD.WISE.WDP:DSD_HSL@DF_HSL_CWB(1.1),Current well-being,I,AUS,Australia,5_1,Life expectancy at birth,Y,Years,_T,Total,_T,Total,_T,Total,HSL_5,Health,2017,,82.5,,A,Normal value,0,Units,2,Two,_Z,
DATAFLOW,OECD.WISE.WDP:DSD_HSL@DF_HSL_CWB(1.1),Current well-being,I,AUS,Australia,5_1,Life expectancy at birth,Y,Years,_T,Total,_T,Total,_T,Total,HSL_5,Health,2023,,83,,A,Normal value,0,Units,2,Two,_Z,
DATAFLOW,OECD.WISE.WDP:DSD_HSL@DF_HSL_CWB(1.1),Current well-being,I,AUS,Australia,5_1,Life expectancy at birth,Y,Years,_T,Total,_T,Total,_T,Total,HSL_5,Health,2016,,82.4,,A,Normal value,0,Units,2,Two,_Z,
DATAFLOW,OECD.WISE.WDP:DSD_HSL@DF_HSL_CWB(1.1),Current well-being,I,AUS,Australia,5_1,Life expectancy at birth,Y,Years,_T,Total,_T,Total,_T,Total,HSL_5,Health,2015,,82.4,,A,Normal value,0,Units,2,Two,_Z,
DATAFLOW,OECD.WISE.WDP:DSD_HSL@DF_HSL_CWB(1.1),Current well-being,I,AUS,Australia,5_1,Life expectancy at birth,Y,Years,_T,Total,_T,Total,_T,Total,HSL_5,Health,2014,,82.3,,A,Normal value,0,Units,2,Two,_Z,
DATAFLOW,OECD.WISE.WDP:DSD_HSL@DF_HSL_CWB(1.1),Current well-being,I,AUS,Australia,5_1,Life expectancy at birth,Y,Years,_T,Total,_T,Total,_T,Total,HSL_5,Health,2013,,82.1,,A,Normal value,0,Units,2,Two,_Z,
DATAFLOW,OECD.WISE.WDP:DSD_HSL@DF_HSL_CWB(1.1),Current well-being,I,AUS,Australia,1_3,Median net wealth,USD_HH_PPP,"US dollars per household, PPP converted",_T,Total,_T,Total,_T,Total,HSL_1,Income and wealth,2014,,344999,,A,Normal value,0,Units,2,Two,2023,
DATAFLOW,OECD.WISE.WDP:DSD_HSL@DF_HSL_CWB(1.1),Current well-being,I,AUS,Australia,1_3,Median net wealth,USD_HH_PPP,"US dollars per household, PPP converted",_T,Total,_T,Total,_T,Total,HSL_1,Income and wealth,2012,,347898,,A,Normal value,0,Units,2,Two,2023,
DATAFLOW,OECD.WISE.WDP:DSD_HSL@DF_HSL_CWB(1.1),Current well-being,I,AUS,Australia,1_3,Median net wealth,USD_HH_PPP,"US dollars per household, PPP converted",_T,Total,_T,Total,_T,Total,HSL_1,Income and wealth,2020,,369820,,A,Normal value,0,Units,2,Two,2023,
DATAFLOW,OECD.WISE.WDP:DSD_HSL@DF_HSL_CWB(1.1),Current well-being,I,AUS,Australia,1_1,Households and NPISHs net adjusted disposable income per capita,USD_PPP_PS,"US dollars per person, PPP converted",_T,Total,_T,Total,_T,Total,HSL_1,Income and wealth,2016,,46473,,A,Normal value,0,Units,2,Two,2023,
DATAFLOW,OECD.WISE.WDP:DSD_HSL@DF_HSL_CWB(1.1),Current well-being,I,AUS,Australia,5_1,Life expectancy at birth,Y,Years,_T,Total,_T,Total,_T,Total,HSL_5,Health,2011,,81.9,,A,Normal value,0,Units,2,Two,_Z,
DATAFLOW,OECD.WISE.WDP:DSD_HSL@DF_HSL_CWB(1.1),Current well-being,I,AUS,Australia,5_1,Life expectancy at birth,Y,Years,_T,Total,_T,Total,_T,Total,HSL_5,Health,2010,,81.7,,A,Normal value,0,Units,2,Two,_Z,
DATAFLOW,OECD.WISE.WDP:DSD_HSL@DF_HSL_CWB(1.1),Current well-being,I,AUS,Australia,1_1,Households and NPISHs net adjusted disposable income per capita,USD_PPP_PS,"US dollars per person, PPP converted",_T,Total,_T,Total,_T,Total,HSL_1,Income and wealth,2011,,45369,,A,Normal value,0,Units,2,Two,2023,
DATAFLOW,OECD.WISE.WDP:DSD_HSL@DF_HSL_CWB(1.1),Current well-being,I,AUS,Australia,1_1,Households and NPISHs net adjusted disposable income per capita,USD_PPP_PS,"US dollars per person, PPP converted",_T,Total,_T,Total,_T,Total,HSL_1,Income and wealth,2010,,44625,,A,Normal value,0,Units,2,Two,2023,
DATAFLOW,OECD.WISE.WDP:DSD_HSL@DF_HSL_CWB(1.1),Current well-being,I,AUS,Australia,1_1,Households and NPISHs net adjusted disposable income per capita,USD_PPP_PS,"US dollars per person, PPP converted",_T,Total,_T,Total,_T,Total,HSL_1,Income and wealth,2024,,50629,,A,Normal value,0,Units,2,Two,2023,
DATAFLOW,OECD.WISE.WDP:DSD_HSL@DF_HSL_CWB(1.1),Current well-being,I,AUS,Australia,1_1,Households and NPISHs net adjusted disposable income per capita,USD_PPP_PS,"US dollars per person, PPP converted",_T,Total,_T,Total,_T,Total,HSL_1,Income and wealth,2023,,49503,,A,Normal value,0,Units,2,Two,2023,
DATAFLOW,OECD.WISE.WDP:DSD_HSL@DF_HSL_CWB(1.1),Current well-being,I,AUS,Australia,1_1,Households and NPISHs net adjusted disposable income per capita,USD_PPP_PS,"US dollars per person, PPP converted",_T,Total,_T,Total,_T,Total,HSL_1,Income and wealth,2022,,50439,,A,Normal value,0,Units,2,Two,2023,
DATAFLOW,OECD.WISE.WDP:DSD_HSL@DF_HSL_CWB(1.1),Current well-being,I,AUS,Australia,1_1,Households and NPISHs net adjusted disposable income per capita,USD_PPP_PS,"US dollars per person, PPP converted",_T,Total,_T,Total,_T,Total,HSL_1,Income and wealth,2021,,52430,,A,Normal value,0,Units,2,Two,2023,
DATAFLOW,OECD.WISE.WDP:DSD_HSL@DF_HSL_CWB(1.1),Current well-being,I,AUS,Australia,1_1,Households and NPISHs net adjusted disposable income per capita,USD_PPP_PS,"US dollars per person, PPP converted",_T,Total,_T,Total,_T,Total,HSL_1,Income and wealth,2020,,50667,,A,Normal value,0,Units,2,Two,2023,
DATAFLOW,OECD.WISE.WDP:DSD_HSL@DF_HSL_CWB(1.1),Current well-being,I,AUS,Australia,1_1,Households and NPISHs net adjusted disposable income per capita,USD_PPP_PS,"US dollars per person, PPP converted",_T,Total,_T,Total,_T,Total,HSL_1,Income and wealth,2019,,48749,,A,Normal value,0,Units,2,Two,2023,
DATAFLOW,OECD.WISE.WDP:DSD_HSL@DF_HSL_CWB(1.1),Current well-being,I,AUS,Australia,1_1,Households and NPISHs net adjusted disposable income per capita,USD_PPP_PS,"US dollars per person, PPP converted",_T,Total,_T,Total,_T,Total,HSL_1,Income and wealth,2018,,47430,,A,Normal value,0,Units,2,Two,2023,
DATAFLOW,OECD.WISE.WDP:DSD_HSL@DF_HSL_CWB(1.1),Current well-being,I,AUS,Australia,5_3,"Deaths from suicide, alcohol, drugs",DT_10P5HB,Deaths per 100 000 inhabitants,_T,Total,_T,Total,_T,Total,HSL_5,Health,2019,,22.7991387802,,A,Normal value,0,Units,2,Two,_Z,
DATAFLOW,OECD.WISE.WDP:DSD_HSL@DF_HSL_CWB(1.1),Current well-being,I,AUS,Australia,5_3,"Deaths from suicide, alcohol, drugs",DT_10P5HB,Deaths per 100 000 inhabitants,_T,Total,_T,Total,_T,Total,HSL_5,Health,2018,,22.4345075408,,A,Normal value,0,Units,2,Two,_Z,
DATAFLOW,OECD.WISE.WDP:DSD_HSL@DF_HSL_CWB(1.1),Current well-being,I,AUS,Australia,5_3,"Deaths from suicide, alcohol, drugs",DT_10P5HB,Deaths per 100 000 inhabitants,_T,Total,_T,Total,_T,Total,HSL_5,Health,2017,,22.5552116727,,A,Normal value,0,Units,2,Two,_Z,
DATAFLOW,OECD.WISE.WDP:DSD_HSL@DF_HSL_CWB(1.1),Current well-being,I,AUS,Australia,5_3,"Deaths from suicide, alcohol, drugs",DT_10P5HB,Deaths per 100 000 inhabitants,_T,Total,_T,Total,_T,Total,HSL_5,Health,2016,,20.9625912504,,A,Normal value,0,Units,2,Two,_Z,
DATAFLOW,OECD.WISE.WDP:DSD_HSL@DF_HSL_CWB(1.1),Current well-being,I,AUS,Australia,5_3,"Deaths from suicide, alcohol, drugs",DT_10P5HB,Deaths per 100 000 inhabitants,_T,Total,_T,Total,_T,Total,HSL_5,Health,2015,,18.1572231888,,A,Normal value,0,Units,2,Two,_Z,
DATAFLOW,OECD.WISE.WDP:DSD_HSL@DF_HSL_CWB(1.1),Current well-being,I,AUS,Australia,5_3,"Deaths from suicide, alcohol, drugs",DT_10P5HB,Deaths per 100 000 inhabitants,_T,Total,_T,Total,_T,Total,HSL_5,Health,2014,,17.3366202811,,A,Normal value,0,Units,2,Two,_Z,
DATAFLOW,OECD.WISE.WDP:DSD_HSL@DF_HSL_CWB(1.1),Current well-being,I,AUS,Australia,5_3,"Deaths from suicide, alcohol, drugs",DT_10P5HB,Deaths per 100 000 inhabitants,_T,Total,_T,Total,_T,Total,HSL_5,Health,2013,,15.9446715149,,A,Normal value,0,Units,2,Two,_Z,
DATAFLOW,OECD.WISE.WDP:DSD_HSL@DF_HSL_CWB(1.1),Current well-being,I,AUS,Australia,5_3,"Deaths from suicide, alcohol, drugs",DT_10P5HB,Deaths per 100 000 inhabitants,_T,Total,_T,Total,_T,Total,HSL_5,Health,2012,,15.207908362,,A,Normal value,0,Units,2,Two,_Z,
DATAFLOW,OECD.WISE.WDP:DSD_HSL@DF_HSL_CWB(1.1),Current well-being,I,AUS,Australia,5_3,"Deaths from suicide, alcohol, drugs",DT_10P5HB,Deaths per 100 000 inhabitants,_T,Total,_T,Total,_T,Total,HSL_5,Health,2011,,14.9895317007,,A,Normal value,0,Units,2,Two,_Z,
DATAFLOW,OECD.WISE.WDP:DSD_HSL@DF_HSL_CWB(1.1),Current well-being,I,AUS,Australia,5_3,"Deaths from suicide, alcohol, drugs",DT_10P5HB,Deaths per 100 000 inhabitants,_T,Total,_T,Total,_T,Total,HSL_5,Health,2010,,14.8816227157,,A,Normal value,0,Units,2,Two,_Z,
DATAFLOW,OECD.WISE.WDP:DSD_HSL@DF_HSL_CWB(1.1),Current well-being,I,AUS,Australia,5_3,"Deaths from suicide, alcohol, drugs",DT_10P5HB,Deaths per 100 000 inhabitants,_T,Total,_T,Total,_T,Total,HSL_5,Health,2024,,22.1581886962,,A,Normal value,0,Units,2,Two,_Z,
DATAFLOW,OECD.WISE.WDP:DSD_HSL@DF_HSL_CWB(1.1),Current well-being,I,AUS,Australia,5_3,"Deaths from suicide, alcohol, drugs",DT_10P5HB,Deaths per 100 000 inhabitants,_T,Total,_T,Total,_T,Total,HSL_5,Health,2023,,21.6852462561,,A,Normal value,0,Units,2,Two,_Z,
DATAFLOW,OECD.WISE.WDP:DSD_HSL@DF_HSL_CWB(1.1),Current well-being,I,AUS,Australia,5_3,"Deaths from suicide, alcohol, drugs",DT_10P5HB,Deaths per 100 000 inhabitants,_T,Total,_T,Total,_T,Total,HSL_5,Health,2022,,22.5855062467,,A,Normal value,0,Units,2,Two,_Z,
DATAFLOW,OECD.WISE.WDP:DSD_HSL@DF_HSL_CWB(1.1),Current well-being,I,AUS,Australia,5_3,"Deaths from suicide, alcohol, drugs",DT_10P5HB,Deaths per 100 000 inhabitants,_T,Total,_T,Total,_T,Total,HSL_5,Health,2021,,21.8427625967,,A,Normal value,0,Units,2,Two,_Z,
DATAFLOW,OECD.WISE.WDP:DSD_HSL@DF_HSL_CWB(1.1),Current well-being,I,AUS,Australia,5_1,Life expectancy at birth,Y,Years,_T,Total,_T,Total,_T,Total,HSL_5,Health,2019,,82.9,,A,Normal value,0,Units,2,Two,_Z,
DATAFLOW,OECD.WISE.WDP:DSD_HSL@DF_HSL_CWB(1.1),Current well-being,I,AUS,Australia,5_1,Life expectancy at birth,Y,Years,_T,Total,_T,Total,_T,Total,HSL_5,Health,2018,,82.8,,A,Normal value,0,Units,2,Two,_Z,
DATAFLOW,OECD.WISE.WDP:DSD_HSL@DF_HSL_CWB(1.1),Current well-being,I,AUS,Australia,9_3,Exposure to extreme temperature,PT_POP,Percentage of population,_T,Total,_T,Total,_T,Total,HSL_9,Environmental quality,2020,,5.7002783968,,A,Normal value,0,Units,2,Two,_Z,
DATAFLOW,OECD.WISE.WDP:DSD_HSL@DF_HSL_CWB(1.1),Current well-being,I,AUS,Australia,9_3,Exposure to extreme temperature,PT_POP,Percentage of population,_T,Total,_T,Total,_T,Total,HSL_9,Environmental quality,2019,,28.2298576755,,A,Normal value,0,Units,2,Two,_Z,
DATAFLOW,OECD.WISE.WDP:DSD_HSL@DF_HSL_CWB(1.1),Current well-being,I,AUS,Australia,9_3,Exposure to extreme temperature,PT_POP,Percentage of population,_T,Total,_T,Total,_T,Total,HSL_9,Environmental quality,2018,,8.2129054522,,A,Normal value,0,Units,2,Two,_Z,
DATAFLOW,OECD.WISE.WDP:DSD_HSL@DF_HSL_CWB(1.1),Current well-being,I,AUS,Australia,9_3,Exposure to extreme temperature,PT_POP,Percentage of population,_T,Total,_T,Total,_T,Total,HSL_9,Environmental quality,2017,,11.7778057612,,A,Normal value,0,Units,2,Two,_Z,
DATAFLOW,OECD.WISE.WDP:DSD_HSL@DF_HSL_CWB(1.1),Current well-being,I,AUS,Australia,9_3,Exposure to extreme temperature,PT_POP,Percentage of population,_T,Total,_T,Total,_T,Total,HSL_9,Environmental quality,2016,,9.6354348812,,A,Normal value,0,Units,2,Two,_Z,
DATAFLOW,OECD.WISE.WDP:DSD_HSL@DF_HSL_CWB(1.1),Current well-being,I,AUS,Australia,9_3,Exposure to extreme temperature,PT_POP,Percentage of population,_T,Total,_T,Total,_T,Total,HSL_9,Environmental quality,2015,,9.4387359026,,A,Normal value,0,Units,2,Two,_Z,
DATAFLOW,OECD.WISE.WDP:DSD_HSL@DF_HSL_CWB(1.1),Current well-being,I,AUS,Australia,9_2,Exposed to air pollution,PT_POP,Percentage of population,_T,Total,_T,Total,_T,Total,HSL_9,Environmental quality,2020,,98.969398,,A,Normal value,0,Units,2,Two,_Z,
DATAFLOW,OECD.WISE.WDP:DSD_HSL@DF_HSL_CWB(1.1),Current well-being,I,AUS,Australia,9_2,Exposed to air pollution,PT_POP,Percentage of population,_T,Total,_T,Total,_T,Total,HSL_9,Environmental quality,2019,,99.206535,,A,Normal value,0,Units,2,Two,_Z,
DATAFLOW,OECD.WISE.WDP:DSD_HSL@DF_HSL_CWB(1.1),Current well-being,I,AUS,Australia,9_2,Exposed to air pollution,PT_POP,Percentage of population,_T,Total,_T,Total,_T,Total,HSL_9,Environmental quality,2018,,99.203194,,A,Normal value,0,Units,2,Two,_Z,
DATAFLOW,OECD.WISE.WDP:DSD_HSL@DF_HSL_CWB(1.1),Current well-being,I,AUS,Australia,9_2,Exposed to air pollution,PT_POP,Percentage of population,_T,Total,_T,Total,_T,Total,HSL_9,Environmental quality,2017,,99.146439,,A,Normal value,0,Units,2,Two,_Z,
DATAFLOW,OECD.WISE.WDP:DSD_HSL@DF_HSL_CWB(1.1),Current well-being,I,AUS,Australia,9_2,Exposed to air pollution,PT_POP,Percentage of population,_T,Total,_T,Total,_T,Total,HSL_9,Environmental quality,2016,,99.143822,,A,Normal value,0,Units,2,Two,_Z,
DATAFLOW,OECD.WISE.WDP:DSD_HSL@DF_HSL_CWB(1.1),Current well-being,I,AUS,Australia,9_3,Exposure to extreme temperature,PT_POP,Percentage of population,_T,Total,_T,Total,_T,Total,HSL_9,Environmental quality,2010,,9.9062495613,,A,Normal value,0,Units,2,Two,_Z,
DATAFLOW,OECD.WISE.WDP:DSD_HSL@DF_HSL_CWB(1.1),Current well-being,I,AUS,Australia,9_2,Exposed to air pollution,PT_POP,Percentage of population,_T,Total,_T,Total,_T,Total,HSL_9,Environmental quality,2014,,99.089287,,A,Normal value,0,Units,2,Two,_Z,
DATAFLOW,OECD.WISE.WDP:DSD_HSL@DF_HSL_CWB(1.1),Current well-being,I,AUS,Australia,9_2,Exposed to air pollution,PT_POP,Percentage of population,_T,Total,_T,Total,_T,Total,HSL_9,Environmental quality,2013,,99.130447,,A,Normal value,0,Units,2,Two,_Z,
DATAFLOW,OECD.WISE.WDP:DSD_HSL@DF_HSL_CWB(1.1),Current well-being,I,AUS,Australia,9_2,Exposed to air pollution,PT_POP,Percentage of population,_T,Total,_T,Total,_T,Total,HSL_9,Environmental quality,2012,,99.182411,,A,Normal value,0,Units,2,Two,_Z,
DATAFLOW,OECD.WISE.WDP:DSD_HSL@DF_HSL_CWB(1.1),Current well-being,I,AUS,Australia,9_2,Exposed to air pollution,PT_POP,Percentage of population,_T,Total,_T,Total,_T,Total,HSL_9,Environmental quality,2011,,99.134483,,A,Normal value,0,Units,2,Two,_Z,
DATAFLOW,OECD.WISE.WDP:DSD_HSL@DF_HSL_CWB(1.1),Current well-being,I,AUS,Australia,9_2,Exposed to air pollution,PT_POP,Percentage of population,_T,Total,_T,Total,_T,Total,HSL_9,Environmental quality,2010,,99.109207,,A,Normal value,0,Units,2,Two,_Z,
DATAFLOW,OECD.WISE.WDP:DSD_HSL@DF_HSL_CWB(1.1),Current well-being,I,AUS,Australia,9_3,Exposure to extreme temperature,PT_POP,Percentage of population,_T,Total,_T,Total,_T,Total,HSL_9,Environmental quality,2024,,11.1892323848,,A,Normal value,0,Units,2,Two,_Z,
DATAFLOW,OECD.WISE.WDP:DSD_HSL@DF_HSL_CWB(1.1),Current well-being,I,AUS,Australia,9_3,Exposure to extreme temperature,PT_POP,Percentage of population,_T,Total,_T,Total,_T,Total,HSL_9,Environmental quality,2023,,5.1012345952,,A,Normal value,0,Units,2,Two,_Z,
DATAFLOW,OECD.WISE.WDP:DSD_HSL@DF_HSL_CWB(1.1),Current well-being,I,AUS,Australia,11_2,Negative affect balance,PT_POP_Y_GE15,Percentage of population aged 15 years or over,_T,Total,_T,Total,_T,Total,HSL_11,Subjective well-being,2021,,12.0148292553,,A,Normal value,0,Units,2,Two,_Z,
DATAFLOW,OECD.WISE.WDP:DSD_HSL@DF_HSL_CWB(1.1),Current well-being,I,AUS,Australia,11_2,Negative affect balance,PT_POP_Y_GE15,Percentage of population aged 15 years or over,_T,Total,_T,Total,_T,Total,HSL_11,Subjective well-being,2020,,12.0148292553,,A,Normal value,0,Units,2,Two,_Z,
DATAFLOW,OECD.WISE.WDP:DSD_HSL@DF_HSL_CWB(1.1),Current well-being,I,AUS,Australia,7_1_DEP,Lack of social support,PT_POP_Y_GE15,Percentage of population aged 15 years or over,_T,Total,_T,Total,_T,Total,HSL_7,Social connections,2019,,5.550077771,,A,Normal value,0,Units,2,Two,_Z,
DATAFLOW,OECD.WISE.WDP:DSD_HSL@DF_HSL_CWB(1.1),Current well-being,I,AUS,Australia,7_1_DEP,Lack of social support,PT_POP_Y_GE15,Percentage of population aged 15 years or over,_T,Total,_T,Total,_T,Total,HSL_7,Social connections,2018,,5.550077771,,A,Normal value,0,Units,2,Two,_Z,
DATAFLOW,OECD.WISE.WDP:DSD_HSL@DF_HSL_CWB(1.1),Current well-being,I,AUS,Australia,7_1_DEP,Lack of social support,PT_POP_Y_GE15,Percentage of population aged 15 years or over,_T,Total,_T,Total,_T,Total,HSL_7,Social connections,2017,,5.550077771,,A,Normal value,0,Units,2,Two,_Z,
DATAFLOW,OECD.WISE.WDP:DSD_HSL@DF_HSL_CWB(1.1),Current well-being,I,AUS,Australia,11_2,Negative affect balance,PT_POP_Y_GE15,Percentage of population aged 15 years or over,_T,Total,_T,Total,_T,Total,HSL_11,Subjective well-being,2018,,12.7330695414,,A,Normal value,0,Units,2,Two,_Z,
DATAFLOW,OECD.WISE.WDP:DSD_HSL@DF_HSL_CWB(1.1),Current well-being,I,AUS,Australia,7_1_DEP,Lack of social support,PT_POP_Y_GE15,Percentage of population aged 15 years or over,_T,Total,_T,Total,_T,Total,HSL_7,Social connections,2016,,6.0415962411,,A,Normal value,0,Units,2,Two,_Z,
DATAFLOW,OECD.WISE.WDP:DSD_HSL@DF_HSL_CWB(1.1),Current well-being,I,AUS,Australia,11_2,Negative affect balance,PT_POP_Y_GE15,Percentage of population aged 15 years or over,_T,Total,_T,Total,_T,Total,HSL_11,Subjective well-being,2019,,12.7330695414,,A,Normal value,0,Units,2,Two,_Z,
DATAFLOW,OECD.WISE.WDP:DSD_HSL@DF_HSL_CWB(1.1),Current well-being,I,AUS,Australia,7_1_DEP,Lack of social support,PT_POP_Y_GE15,Percentage of population aged 15 years or over,_T,Total,_T,Total,_T,Total,HSL_7,Social connections,2015,,6.0415962411,,A,Normal value,0,Units,2,Two,_Z,
DATAFLOW,OECD.WISE.WDP:DSD_HSL@DF_HSL_CWB(1.1),Current well-being,I,AUS,Australia,7_1_DEP,Lack of social support,PT_POP_Y_GE15,Percentage of population aged 15 years or over,_T,Total,_T,Total,_T,Total,HSL_7,Social connections,2014,,6.0415962411,,A,Normal value,0,Units,2,Two,_Z,
DATAFLOW,OECD.WISE.WDP:DSD_HSL@DF_HSL_CWB(1.1),Current well-being,I,AUS,Australia,7_1_DEP,Lack of social support,PT_POP_Y_GE15,Percentage of population aged 15 years or over,_T,Total,_T,Total,_T,Total,HSL_7,Social connections,2013,,5.3241850172,,A,Normal value,0,Units,2,Two,_Z,
DATAFLOW,OECD.WISE.WDP:DSD_HSL@DF_HSL_CWB(1.1),Current well-being,I,AUS,Australia,7_1_DEP,Lack of social support,PT_POP_Y_GE15,Percentage of population aged 15 years or over,_T,Total,_T,Total,_T,Total,HSL_7,Social connections,2012,,5.3241850172,,A,Normal value,0,Units,2,Two,_Z,
DATAFLOW,OECD.WISE.WDP:DSD_HSL@DF_HSL_CWB(1.1),Current well-being,I,AUS,Australia,7_1_DEP,Lack of social support,PT_POP_Y_GE15,Percentage of population aged 15 years or over,_T,Total,_T,Total,_T,Total,HSL_7,Social connections,2011,,5.3241850172,,A,Normal value,0,Units,2,Two,_Z,
DATAFLOW,OECD.WISE.WDP:DSD_HSL@DF_HSL_CWB(1.1),Current well-being,I,AUS,Australia,7_1_DEP,Lack of social support,PT_POP_Y_GE15,Percentage of population aged 15 years or over,_T,Total,_T,Total,_T,Total,HSL_7,Social connections,2010,,4.9265433236,,A,Normal value,0,Units,2,Two,_Z,
DATAFLOW,OECD.WISE.WDP:DSD_HSL@DF_HSL_CWB(1.1),Current well-being,I,AUS,Australia,7_1_DEP,Lack of social support,PT_POP_Y_GE15,Percentage of population aged 15 years or over,_T,Total,_T,Total,_T,Total,HSL_7,Social connections,2025,,10.0431932573,,A,Normal value,0,Units,2,Two,_Z,
DATAFLOW,OECD.WISE.WDP:DSD_HSL@DF_HSL_CWB(1.1),Current well-being,I,AUS,Australia,7_1_DEP,Lack of social support,PT_POP_Y_GE15,Percentage of population aged 15 years or over,_T,Total,_T,Total,_T,Total,HSL_7,Social connections,2024,,10.0431932573,,A,Normal value,0,Units,2,Two,_Z,
DATAFLOW,OECD.WISE.WDP:DSD_HSL@DF_HSL_CWB(1.1),Current well-being,I,AUS,Australia,7_1_DEP,Lack of social support,PT_POP_Y_GE15,Percentage of population aged 15 years or over,_T,Total,_T,Total,_T,Total,HSL_7,Social connections,2023,,10.0431932573,,A,Normal value,0,Units,2,Two,_Z,
DATAFLOW,OECD.WISE.WDP:DSD_HSL@DF_HSL_CWB(1.1),Current well-being,I,AUS,Australia,7_1_DEP,Lack of social support,PT_POP_Y_GE15,Percentage of population aged 15 years or over,_T,Total,_T,Total,_T,Total,HSL_7,Social connections,2022,,6.7136780167,,A,Normal value,0,Units,2,Two,_Z,
DATAFLOW,OECD.WISE.WDP:DSD_HSL@DF_HSL_CWB(1.1),Current well-being,I,AUS,Australia,7_1_DEP,Lack of social support,PT_POP_Y_GE15,Percentage of population aged 15 years or over,_T,Total,_T,Total,_T,Total,HSL_7,Social connections,2021,,6.7136780167,,A,Normal value,0,Units,2,Two,_Z,
DATAFLOW,OECD.WISE.WDP:DSD_HSL@DF_HSL_CWB(1.1),Current well-being,I,AUS,Australia,7_1_DEP,Lack of social support,PT_POP_Y_GE15,Percentage of population aged 15 years or over,_T,Total,_T,Total,_T,Total,HSL_7,Social connections,2020,,6.7136780167,,A,Normal value,0,Units,2,Two,_Z,
DATAFLOW,OECD.WISE.WDP:DSD_HSL@DF_HSL_CWB(1.1),Current well-being,I,AUS,Australia,11_2,Negative affect balance,PT_POP_Y_GE15,Percentage of population aged 15 years or over,_T,Total,_T,Total,_T,Total,HSL_11,Subjective well-being,2017,,12.7330695414,,A,Normal value,0,Units,2,Two,_Z,
DATAFLOW,OECD.WISE.WDP:DSD_HSL@DF_HSL_CWB(1.1),Current well-being,I,AUS,Australia,11_2,Negative affect balance,PT_POP_Y_GE15,Percentage of population aged 15 years or over,_T,Total,_T,Total,_T,Total,HSL_11,Subjective well-being,2016,,12.0890789187,,A,Normal value,0,Units,2,Two,_Z,
DATAFLOW,OECD.WISE.WDP:DSD_HSL@DF_HSL_CWB(1.1),Current well-being,I,AUS,Australia,11_2,Negative affect balance,PT_POP_Y_GE15,Percentage of population aged 15 years or over,_T,Total,_T,Total,_T,Total,HSL_11,Subjective well-being,2015,,12.0890789187,,A,Normal value,0,Units,2,Two,_Z,
DATAFLOW,OECD.WISE.WDP:DSD_HSL@DF_HSL_CWB(1.1),Current well-being,I,AUS,Australia,11_2,Negative affect balance,PT_POP_Y_GE15,Percentage of population aged 15 years or over,_T,Total,_T,Total,_T,Total,HSL_11,Subjective well-being,2014,,12.0890789187,,A,Normal value,0,Units,2,Two,_Z,
DATAFLOW,OECD.WISE.WDP:DSD_HSL@DF_HSL_CWB(1.1),Current well-being,I,AUS,Australia,11_2,Negative affect balance,PT_POP_Y_GE15,Percentage of population aged 15 years or over,_T,Total,_T,Total,_T,Total,HSL_11,Subjective well-being,2013,,10.6348925558,,A,Normal value,0,Units,2,Two,_Z,
DATAFLOW,OECD.WISE.WDP:DSD_HSL@DF_HSL_CWB(1.1),Current well-being,I,AUS,Australia,11_2,Negative affect balance,PT_POP_Y_GE15,Percentage of population aged 15 years or over,_T,Total,_T,Total,_T,Total,HSL_11,Subjective well-being,2012,,10.6348925558,,A,Normal value,0,Units,2,Two,_Z,
DATAFLOW,OECD.WISE.WDP:DSD_HSL@DF_HSL_CWB(1.1),Current well-being,I,AUS,Australia,11_2,Negative affect balance,PT_POP_Y_GE15,Percentage of population aged 15 years or over,_T,Total,_T,Total,_T,Total,HSL_11,Subjective well-being,2011,,10.6348925558,,A,Normal value,0,Units,2,Two,_Z,
DATAFLOW,OECD.WISE.WDP:DSD_HSL@DF_HSL_CWB(1.1),Current well-being,I,AUS,Australia,11_2,Negative affect balance,PT_POP_Y_GE15,Percentage of population aged 15 years or over,_T,Total,_T,Total,_T,Total,HSL_11,Subjective well-being,2010,,12.2440200303,,A,Normal value,0,Units,2,Two,_Z,
DATAFLOW,OECD.WISE.WDP:DSD_HSL@DF_HSL_CWB(1.1),Current well-being,I,AUS,Australia,11_2,Negative affect balance,PT_POP_Y_GE15,Percentage of population aged 15 years or over,_T,Total,_T,Total,_T,Total,HSL_11,Subjective well-being,2025,,14.8530429265,,A,Normal value,0,Units,2,Two,_Z,
DATAFLOW,OECD.WISE.WDP:DSD_HSL@DF_HSL_CWB(1.1),Current well-being,I,AUS,Australia,11_2,Negative affect balance,PT_POP_Y_GE15,Percentage of population aged 15 years or over,_T,Total,_T,Total,_T,Total,HSL_11,Subjective well-being,2024,,14.8530429265,,A,Normal value,0,Units,2,Two,_Z,
DATAFLOW,OECD.WISE.WDP:DSD_HSL@DF_HSL_CWB(1.1),Current well-being,I,AUS,Australia,1_1,Households and NPISHs net adjusted disposable income per capita,USD_PPP_PS,"US dollars per person, PPP converted",_T,Total,_T,Total,_T,Total,HSL_1,Income and wealth,2015,,46089,,A,Normal value,0,Units,2,Two,2023,
DATAFLOW,OECD.WISE.WDP:DSD_HSL@DF_HSL_CWB(1.1),Current well-being,I,AUS,Australia,1_1,Households and NPISHs net adjusted disposable income per capita,USD_PPP_PS,"US dollars per person, PPP converted",_T,Total,_T,Total,_T,Total,HSL_1,Income and wealth,2014,,46031,,A,Normal value,0,Units,2,Two,2023,
DATAFLOW,OECD.WISE.WDP:DSD_HSL@DF_HSL_CWB(1.1),Current well-being,I,AUS,Australia,1_1,Households and NPISHs net adjusted disposable income per capita,USD_PPP_PS,"US dollars per person, PPP converted",_T,Total,_T,Total,_T,Total,HSL_1,Income and wealth,2013,,45377,,A,Normal value,0,Units,2,Two,2023,
DATAFLOW,OECD.WISE.WDP:DSD_HSL@DF_HSL_CWB(1.1),Current well-being,I,AUS,Australia,1_1,Households and NPISHs net adjusted disposable income per capita,USD_PPP_PS,"US dollars per person, PPP converted",_T,Total,_T,Total,_T,Total,HSL_1,Income and wealth,2012,,44830,,A,Normal value,0,Units,2,Two,2023,
DATAFLOW,OECD.WISE.WDP:DSD_HSL@DF_HSL_CWB(1.1),Current well-being,I,AUS,Australia,2_1,Employment rate,PT_POP_Y25T64,Percentage of population aged 25-64 years,_T,Total,_T,Total,_T,Total,HSL_2,Work and job quality,2016,,75.888,,A,Normal value,0,Units,2,Two,_Z,
DATAFLOW,OECD.WISE.WDP:DSD_HSL@DF_HSL_CWB(1.1),Current well-being,I,AUS,Australia,2_1,Employment rate,PT_POP_Y25T64,Percentage of population aged 25-64 years,_T,Total,_T,Total,_T,Total,HSL_2,Work and job quality,2015,,75.58,,A,Normal value,0,Units,2,Two,_Z,
DATAFLOW,OECD.WISE.WDP:DSD_HSL@DF_HSL_CWB(1.1),Current well-being,I,AUS,Australia,2_1,Employment rate,PT_POP_Y25T64,Percentage of population aged 25-64 years,_T,Total,_T,Total,_T,Total,HSL_2,Work and job quality,2012,,75.589,,A,Normal value,0,Units,2,Two,_Z,
DATAFLOW,OECD.WISE.WDP:DSD_HSL@DF_HSL_CWB(1.1),Current well-being,I,AUS,Australia,2_1,Employment rate,PT_POP_Y25T64,Percentage of population aged 25-64 years,_T,Total,_T,Total,_T,Total,HSL_2,Work and job quality,2010,,75.444,,A,Normal value,0,Units,2,Two,_Z,
DATAFLOW,OECD.WISE.WDP:DSD_HSL@DF_HSL_CWB(1.1),Current well-being,I,AUS,Australia,2_1,Employment rate,PT_POP_Y25T64,Percentage of population aged 25-64 years,_T,Total,_T,Total,_T,Total,HSL_2,Work and job quality,2025,,80.427,,A,Normal value,0,Units,2,Two,_Z,
DATAFLOW,OECD.WISE.WDP:DSD_HSL@DF_HSL_CWB(1.1),Current well-being,I,AUS,Australia,2_1,Employment rate,PT_POP_Y25T64,Percentage of population aged 25-64 years,_T,Total,_T,Total,_T,Total,HSL_2,Work and job quality,2024,,80.262,,A,Normal value,0,Units,2,Two,_Z,
DATAFLOW,OECD.WISE.WDP:DSD_HSL@DF_HSL_CWB(1.1),Current well-being,I,AUS,Australia,2_1,Employment rate,PT_POP_Y25T64,Percentage of population aged 25-64 years,_T,Total,_T,Total,_T,Total,HSL_2,Work and job quality,2023,,80.103,,A,Normal value,0,Units,2,Two,_Z,
DATAFLOW,OECD.WISE.WDP:DSD_HSL@DF_HSL_CWB(1.1),Current well-being,I,AUS,Australia,2_1,Employment rate,PT_POP_Y25T64,Percentage of population aged 25-64 years,_T,Total,_T,Total,_T,Total,HSL_2,Work and job quality,2022,,79.58,,A,Normal value,0,Units,2,Two,_Z,
DATAFLOW,OECD.WISE.WDP:DSD_HSL@DF_HSL_CWB(1.1),Current well-being,I,AUS,Australia,2_1,Employment rate,PT_POP_Y25T64,Percentage of population aged 25-64 years,_T,Total,_T,Total,_T,Total,HSL_2,Work and job quality,2020,,76.128,,A,Normal value,0,Units,2,Two,_Z,
DATAFLOW,OECD.WISE.WDP:DSD_HSL@DF_HSL_CWB(1.1),Current well-being,I,AUS,Australia,2_1,Employment rate,PT_POP_Y25T64,Percentage of population aged 25-64 years,_T,Total,_T,Total,_T,Total,HSL_2,Work and job quality,2019,,77.597,,A,Normal value,0,Units,2,Two,_Z,
DATAFLOW,OECD.WISE.WDP:DSD_HSL@DF_HSL_CWB(1.1),Current well-being,I,AUS,Australia,2_1,Employment rate,PT_POP_Y25T64,Percentage of population aged 25-64 years,_T,Total,_T,Total,_T,Total,HSL_2,Work and job quality,2014,,75.049,,A,Normal value,0,Units,2,Two,_Z,
DATAFLOW,OECD.WISE.WDP:DSD_HSL@DF_HSL_CWB(1.1),Current well-being,I,AUS,Australia,2_1,Employment rate,PT_POP_Y25T64,Percentage of population aged 25-64 years,_T,Total,_T,Total,_T,Total,HSL_2,Work and job quality,2013,,75.335,,A,Normal value,0,Units,2,Two,_Z,
DATAFLOW,OECD.WISE.WDP:DSD_HSL@DF_HSL_CWB(1.1),Current well-being,I,AUS,Australia,2_1,Employment rate,PT_POP_Y25T64,Percentage of population aged 25-64 years,_T,Total,_T,Total,_T,Total,HSL_2,Work and job quality,2011,,75.799,,A,Normal value,0,Units,2,Two,_Z,
DATAFLOW,OECD.WISE.WDP:DSD_HSL@DF_HSL_CWB(1.1),Current well-being,I,AUS,Australia,2_1,Employment rate,PT_POP_Y25T64,Percentage of population aged 25-64 years,_T,Total,_T,Total,_T,Total,HSL_2,Work and job quality,2021,,77.851,,A,Normal value,0,Units,2,Two,_Z,
DATAFLOW,OECD.WISE.WDP:DSD_HSL@DF_HSL_CWB(1.1),Current well-being,I,AUS,Australia,2_1,Employment rate,PT_POP_Y25T64,Percentage of population aged 25-64 years,_T,Total,_T,Total,_T,Total,HSL_2,Work and job quality,2018,,76.917,,A,Normal value,0,Units,2,Two,_Z,
DATAFLOW,OECD.WISE.WDP:DSD_HSL@DF_HSL_CWB(1.1),Current well-being,I,AUS,Australia,2_7,Long hours in paid work,PT_SAL,Percentage of employees,_T,Total,_T,Total,_T,Total,HSL_2,Work and job quality,2017,,13,,A,Normal value,0,Units,2,Two,_Z,
DATAFLOW,OECD.WISE.WDP:DSD_HSL@DF_HSL_CWB(1.1),Current well-being,I,AUS,Australia,2_7,Long hours in paid work,PT_SAL,Percentage of employees,_T,Total,_T,Total,_T,Total,HSL_2,Work and job quality,2016,,13.09,,A,Normal value,0,Units,2,Two,_Z,
DATAFLOW,OECD.WISE.WDP:DSD_HSL@DF_HSL_CWB(1.1),Current well-being,I,AUS,Australia,2_7,Long hours in paid work,PT_SAL,Percentage of employees,_T,Total,_T,Total,_T,Total,HSL_2,Work and job quality,2014,,13.36,,A,Normal value,0,Units,2,Two,_Z,
DATAFLOW,OECD.WISE.WDP:DSD_HSL@DF_HSL_CWB(1.1),Current well-being,I,AUS,Australia,2_7,Long hours in paid work,PT_SAL,Percentage of employees,_T,Total,_T,Total,_T,Total,HSL_2,Work and job quality,2013,,14,,A,Normal value,0,Units,2,Two,_Z,
DATAFLOW,OECD.WISE.WDP:DSD_HSL@DF_HSL_CWB(1.1),Current well-being,I,AUS,Australia,2_7,Long hours in paid work,PT_SAL,Percentage of employees,_T,Total,_T,Total,_T,Total,HSL_2,Work and job quality,2012,,14.18,,A,Normal value,0,Units,2,Two,_Z,
DATAFLOW,OECD.WISE.WDP:DSD_HSL@DF_HSL_CWB(1.1),Current well-being,I,AUS,Australia,2_7,Long hours in paid work,PT_SAL,Percentage of employees,_T,Total,_T,Total,_T,Total,HSL_2,Work and job quality,2011,,14.14,,A,Normal value,0,Units,2,Two,_Z,
DATAFLOW,OECD.WISE.WDP:DSD_HSL@DF_HSL_CWB(1.1),Current well-being,I,AUS,Australia,2_7,Long hours in paid work,PT_SAL,Percentage of employees,_T,Total,_T,Total,_T,Total,HSL_2,Work and job quality,2010,,13.99,,A,Normal value,0,Units,2,Two,_Z,
DATAFLOW,OECD.WISE.WDP:DSD_HSL@DF_HSL_CWB(1.1),Current well-being,I,AUS,Australia,2_7,Long hours in paid work,PT_SAL,Percentage of employees,_T,Total,_T,Total,_T,Total,HSL_2,Work and job quality,2025,,9.68,,A,Normal value,0,Units,2,Two,_Z,
DATAFLOW,OECD.WISE.WDP:DSD_HSL@DF_HSL_CWB(1.1),Current well-being,I,AUS,Australia,2_7,Long hours in paid work,PT_SAL,Percentage of employees,_T,Total,_T,Total,_T,Total,HSL_2,Work and job quality,2024,,10.18,,A,Normal value,0,Units,2,Two,_Z,
DATAFLOW,OECD.WISE.WDP:DSD_HSL@DF_HSL_CWB(1.1),Current well-being,I,AUS,Australia,2_7,Long hours in paid work,PT_SAL,Percentage of employees,_T,Total,_T,Total,_T,Total,HSL_2,Work and job quality,2015,,13.48,,A,Normal value,0,Units,2,Two,_Z,
DATAFLOW,OECD.WISE.WDP:DSD_HSL@DF_HSL_CWB(1.1),Current well-being,I,AUS,Australia,2_7,Long hours in paid work,PT_SAL,Percentage of employees,_T,Total,_T,Total,_T,Total,HSL_2,Work and job quality,2023,,10.7,,A,Normal value,0,Units,2,Two,_Z,
DATAFLOW,OECD.WISE.WDP:DSD_HSL@DF_HSL_CWB(1.1),Current well-being,I,AUS,Australia,2_7,Long hours in paid work,PT_SAL,Percentage of employees,_T,Total,_T,Total,_T,Total,HSL_2,Work and job quality,2022,,11.15,,A,Normal value,0,Units,2,Two,_Z,
DATAFLOW,OECD.WISE.WDP:DSD_HSL@DF_HSL_CWB(1.1),Current well-being,I,AUS,Australia,2_7,Long hours in paid work,PT_SAL,Percentage of employees,_T,Total,_T,Total,_T,Total,HSL_2,Work and job quality,2021,,11.26,,A,Normal value,0,Units,2,Two,_Z,
DATAFLOW,OECD.WISE.WDP:DSD_HSL@DF_HSL_CWB(1.1),Current well-being,I,AUS,Australia,2_7,Long hours in paid work,PT_SAL,Percentage of employees,_T,Total,_T,Total,_T,Total,HSL_2,Work and job quality,2020,,11.15,,A,Normal value,0,Units,2,Two,_Z,
DATAFLOW,OECD.WISE.WDP:DSD_HSL@DF_HSL_CWB(1.1),Current well-being,I,AUS,Australia,2_7,Long hours in paid work,PT_SAL,Percentage of employees,_T,Total,_T,Total,_T,Total,HSL_2,Work and job quality,2019,,11.97,,A,Normal value,0,Units,2,Two,_Z,
DATAFLOW,OECD.WISE.WDP:DSD_HSL@DF_HSL_CWB(1.1),Current well-being,I,AUS,Australia,2_2,Gender wage gap,PT_WG_SAL_M_D,Percentage of wages of men in the same decile,_T,Total,_T,Total,_T,Total,HSL_2,Work and job quality,2010,,14.04293381,,A,Normal value,0,Units,2,Two,_Z,
DATAFLOW,OECD.WISE.WDP:DSD_HSL@DF_HSL_CWB(1.1),Current well-being,I,AUS,Australia,2_2,Gender wage gap,PT_WG_SAL_M_D,Percentage of wages of men in the same decile,_T,Total,_T,Total,_T,Total,HSL_2,Work and job quality,2024,,10.671212968,,A,Normal value,0,Units,2,Two,_Z,
DATAFLOW,OECD.WISE.WDP:DSD_HSL@DF_HSL_CWB(1.1),Current well-being,I,AUS,Australia,2_2,Gender wage gap,PT_WG_SAL_M_D,Percentage of wages of men in the same decile,_T,Total,_T,Total,_T,Total,HSL_2,Work and job quality,2023,,11.764705882,,A,Normal value,0,Units,2,Two,_Z,
DATAFLOW,OECD.WISE.WDP:DSD_HSL@DF_HSL_CWB(1.1),Current well-being,I,AUS,Australia,2_2,Gender wage gap,PT_WG_SAL_M_D,Percentage of wages of men in the same decile,_T,Total,_T,Total,_T,Total,HSL_2,Work and job quality,2022,,10.125,,A,Normal value,0,Units,2,Two,_Z,
DATAFLOW,OECD.WISE.WDP:DSD_HSL@DF_HSL_CWB(1.1),Current well-being,I,AUS,Australia,2_2,Gender wage gap,PT_WG_SAL_M_D,Percentage of wages of men in the same decile,_T,Total,_T,Total,_T,Total,HSL_2,Work and job quality,2021,,10.64603381,,A,Normal value,0,Units,2,Two,_Z,
DATAFLOW,OECD.WISE.WDP:DSD_HSL@DF_HSL_CWB(1.1),Current well-being,I,AUS,Australia,2_2,Gender wage gap,PT_WG_SAL_M_D,Percentage of wages of men in the same decile,_T,Total,_T,Total,_T,Total,HSL_2,Work and job quality,2020,,10.533333333,,A,Normal value,0,Units,2,Two,_Z,
DATAFLOW,OECD.WISE.WDP:DSD_HSL@DF_HSL_CWB(1.1),Current well-being,I,AUS,Australia,2_2,Gender wage gap,PT_WG_SAL_M_D,Percentage of wages of men in the same decile,_T,Total,_T,Total,_T,Total,HSL_2,Work and job quality,2019,,15.311653117,,A,Normal value,0,Units,2,Two,_Z,
DATAFLOW,OECD.WISE.WDP:DSD_HSL@DF_HSL_CWB(1.1),Current well-being,I,AUS,Australia,2_2,Gender wage gap,PT_WG_SAL_M_D,Percentage of wages of men in the same decile,_T,Total,_T,Total,_T,Total,HSL_2,Work and job quality,2018,,13.448567435,,A,Normal value,0,Units,2,Two,_Z,
DATAFLOW,OECD.WISE.WDP:DSD_HSL@DF_HSL_CWB(1.1),Current well-being,I,AUS,Australia,2_2,Gender wage gap,PT_WG_SAL_M_D,Percentage of wages of men in the same decile,_T,Total,_T,Total,_T,Total,HSL_2,Work and job quality,2017,,13.000948217,,A,Normal value,0,Units,2,Two,_Z,
DATAFLOW,OECD.WISE.WDP:DSD_HSL@DF_HSL_CWB(1.1),Current well-being,I,AUS,Australia,2_2,Gender wage gap,PT_WG_SAL_M_D,Percentage of wages of men in the same decile,_T,Total,_T,Total,_T,Total,HSL_2,Work and job quality,2016,,13.728432108,,A,Normal value,0,Units,2,Two,_Z,
DATAFLOW,OECD.WISE.WDP:DSD_HSL@DF_HSL_CWB(1.1),Current well-being,I,AUS,Australia,2_2,Gender wage gap,PT_WG_SAL_M_D,Percentage of wages of men in the same decile,_T,Total,_T,Total,_T,Total,HSL_2,Work and job quality,2015,,13.307692308,,A,Normal value,0,Units,2,Two,_Z,
DATAFLOW,OECD.WISE.WDP:DSD_HSL@DF_HSL_CWB(1.1),Current well-being,I,AUS,Australia,2_2,Gender wage gap,PT_WG_SAL_M_D,Percentage of wages of men in the same decile,_T,Total,_T,Total,_T,Total,HSL_2,Work and job quality,2014,,15.773353752,,A,Normal value,0,Units,2,Two,_Z,
DATAFLOW,OECD.WISE.WDP:DSD_HSL@DF_HSL_CWB(1.1),Current well-being,I,AUS,Australia,2_2,Gender wage gap,PT_WG_SAL_M_D,Percentage of wages of men in the same decile,_T,Total,_T,Total,_T,Total,HSL_2,Work and job quality,2013,,18,,A,Normal value,0,Units,2,Two,_Z,
DATAFLOW,OECD.WISE.WDP:DSD_HSL@DF_HSL_CWB(1.1),Current well-being,I,AUS,Australia,2_2,Gender wage gap,PT_WG_SAL_M_D,Percentage of wages of men in the same decile,_T,Total,_T,Total,_T,Total,HSL_2,Work and job quality,2012,,13.75,,A,Normal value,0,Units,2,Two,_Z,
DATAFLOW,OECD.WISE.WDP:DSD_HSL@DF_HSL_CWB(1.1),Current well-being,I,AUS,Australia,3_2,Housing affordability,PT_B7G_S14,Percentage of household gross adjusted disposable income,_T,Total,_T,Total,_T,Total,HSL_3,Housing,2012,,79.9062196913,,A,Normal value,0,Units,2,Two,_Z,
DATAFLOW,OECD.WISE.WDP:DSD_HSL@DF_HSL_CWB(1.1),Current well-being,I,AUS,Australia,3_2,Housing affordability,PT_B7G_S14,Percentage of household gross adjusted disposable income,_T,Total,_T,Total,_T,Total,HSL_3,Housing,2011,,80.4438665326,,A,Normal value,0,Units,2,Two,_Z,
DATAFLOW,OECD.WISE.WDP:DSD_HSL@DF_HSL_CWB(1.1),Current well-being,I,AUS,Australia,3_2,Housing affordability,PT_B7G_S14,Percentage of household gross adjusted disposable income,_T,Total,_T,Total,_T,Total,HSL_3,Housing,2010,,80.7645895608,,A,Normal value,0,Units,2,Two,_Z,
DATAFLOW,OECD.WISE.WDP:DSD_HSL@DF_HSL_CWB(1.1),Current well-being,I,AUS,Australia,3_2,Housing affordability,PT_B7G_S14,Percentage of household gross adjusted disposable income,_T,Total,_T,Total,_T,Total,HSL_3,Housing,2024,,80.7481379976,,A,Normal value,0,Units,2,Two,_Z,
DATAFLOW,OECD.WISE.WDP:DSD_HSL@DF_HSL_CWB(1.1),Current well-being,I,AUS,Australia,3_2,Housing affordability,PT_B7G_S14,Percentage of household gross adjusted disposable income,_T,Total,_T,Total,_T,Total,HSL_3,Housing,2023,,80.5751307401,,A,Normal value,0,Units,2,Two,_Z,
DATAFLOW,OECD.WISE.WDP:DSD_HSL@DF_HSL_CWB(1.1),Current well-being,I,AUS,Australia,3_2,Housing affordability,PT_B7G_S14,Percentage of household gross adjusted disposable income,_T,Total,_T,Total,_T,Total,HSL_3,Housing,2022,,81.1049031349,,A,Normal value,0,Units,2,Two,_Z,
DATAFLOW,OECD.WISE.WDP:DSD_HSL@DF_HSL_CWB(1.1),Current well-being,I,AUS,Australia,3_2,Housing affordability,PT_B7G_S14,Percentage of household gross adjusted disposable income,_T,Total,_T,Total,_T,Total,HSL_3,Housing,2021,,81.5251581426,,A,Normal value,0,Units,2,Two,_Z,
DATAFLOW,OECD.WISE.WDP:DSD_HSL@DF_HSL_CWB(1.1),Current well-being,I,AUS,Australia,3_2,Housing affordability,PT_B7G_S14,Percentage of household gross adjusted disposable income,_T,Total,_T,Total,_T,Total,HSL_3,Housing,2020,,80.9217395527,,A,Normal value,0,Units,2,Two,_Z,
DATAFLOW,OECD.WISE.WDP:DSD_HSL@DF_HSL_CWB(1.1),Current well-being,I,AUS,Australia,3_2,Housing affordability,PT_B7G_S14,Percentage of household gross adjusted disposable income,_T,Total,_T,Total,_T,Total,HSL_3,Housing,2019,,80.5378791222,,A,Normal value,0,Units,2,Two,_Z,
DATAFLOW,OECD.WISE.WDP:DSD_HSL@DF_HSL_CWB(1.1),Current well-being,I,AUS,Australia,3_2,Housing affordability,PT_B7G_S14,Percentage of household gross adjusted disposable income,_T,Total,_T,Total,_T,Total,HSL_3,Housing,2018,,80.1071872,,A,Normal value,0,Units,2,Two,_Z,
DATAFLOW,OECD.WISE.WDP:DSD_HSL@DF_HSL_CWB(1.1),Current well-being,I,AUS,Australia,3_2,Housing affordability,PT_B7G_S14,Percentage of household gross adjusted disposable income,_T,Total,_T,Total,_T,Total,HSL_3,Housing,2017,,79.9418444437,,A,Normal value,0,Units,2,Two,_Z,
DATAFLOW,OECD.WISE.WDP:DSD_HSL@DF_HSL_CWB(1.1),Current well-being,I,AUS,Australia,3_2,Housing affordability,PT_B7G_S14,Percentage of household gross adjusted disposable income,_T,Total,_T,Total,_T,Total,HSL_3,Housing,2016,,79.9752334649,,A,Normal value,0,Units,2,Two,_Z,
DATAFLOW,OECD.WISE.WDP:DSD_HSL@DF_HSL_CWB(1.1),Current well-being,I,AUS,Australia,3_2,Housing affordability,PT_B7G_S14,Percentage of household gross adjusted disposable income,_T,Total,_T,Total,_T,Total,HSL_3,Housing,2015,,79.9746383414,,A,Normal value,0,Units,2,Two,_Z,
DATAFLOW,OECD.WISE.WDP:DSD_HSL@DF_HSL_CWB(1.1),Current well-being,I,AUS,Australia,3_2,Housing affordability,PT_B7G_S14,Percentage of household gross adjusted disposable income,_T,Total,_T,Total,_T,Total,HSL_3,Housing,2014,,80.0945453535,,A,Normal value,0,Units,2,Two,_Z,
DATAFLOW,OECD.WISE.WDP:DSD_HSL@DF_HSL_CWB(1.1),Current well-being,I,AUS,Australia,8_2,Voter turnout,PT_VOTES,Percentage of votes,_T,Total,_T,Total,_T,Total,HSL_8,Civic engagement,2022,,89.74,,A,Normal value,0,Units,2,Two,_Z,
DATAFLOW,OECD.WISE.WDP:DSD_HSL@DF_HSL_CWB(1.1),Current well-being,I,AUS,Australia,8_2,Voter turnout,PT_VOTES,Percentage of votes,_T,Total,_T,Total,_T,Total,HSL_8,Civic engagement,2019,,91.89,,A,Normal value,0,Units,2,Two,_Z,
DATAFLOW,OECD.WISE.WDP:DSD_HSL@DF_HSL_CWB(1.1),Current well-being,I,AUS,Australia,8_2,Voter turnout,PT_VOTES,Percentage of votes,_T,Total,_T,Total,_T,Total,HSL_8,Civic engagement,2016,,91.01,,A,Normal value,0,Units,2,Two,_Z,
DATAFLOW,OECD.WISE.WDP:DSD_HSL@DF_HSL_CWB(1.1),Current well-being,I,AUS,Australia,8_2,Voter turnout,PT_VOTES,Percentage of votes,_T,Total,_T,Total,_T,Total,HSL_8,Civic engagement,2013,,93.23,,A,Normal value,0,Units,2,Two,_Z,
DATAFLOW,OECD.WISE.WDP:DSD_HSL@DF_HSL_CWB(1.1),Current well-being,I,AUS,Australia,8_2,Voter turnout,PT_VOTES,Percentage of votes,_T,Total,_T,Total,_T,Total,HSL_8,Civic engagement,2010,,93.22,,A,Normal value,0,Units,2,Two,_Z,
DATAFLOW,OECD.WISE.WDP:DSD_HSL@DF_HSL_CWB(1.1),Current well-being,I,AUS,Australia,11_1,Life satisfaction,0_TO_10,0-10 scale,_T,Total,_T,Total,_T,Total,HSL_11,Subjective well-being,2019,,7.5,,A,Normal value,0,Units,2,Two,_Z,
DATAFLOW,OECD.WISE.WDP:DSD_HSL@DF_HSL_CWB(1.1),Current well-being,I,AUS,Australia,6_2,Student mathematics skills,PO,Points,_T,Total,_T,Total,_T,Total,HSL_6,Knowledge and skills,2015,,493.8962312758,,A,Normal value,0,Units,2,Two,_Z,
DATAFLOW,OECD.WISE.WDP:DSD_HSL@DF_HSL_CWB(1.1),Current well-being,I,AUS,Australia,6_2,Student mathematics skills,PO,Points,_T,Total,_T,Total,_T,Total,HSL_6,Knowledge and skills,2012,,504.1507662695,,A,Normal value,0,Units,2,Two,_Z,
DATAFLOW,OECD.WISE.WDP:DSD_HSL@DF_HSL_CWB(1.1),Current well-being,I,AUS,Australia,6_2,Student mathematics skills,PO,Points,_T,Total,_T,Total,_T,Total,HSL_6,Knowledge and skills,2022,,487.08,,A,Normal value,0,Units,2,Two,_Z,
DATAFLOW,OECD.WISE.WDP:DSD_HSL@DF_HSL_CWB(1.1),Current well-being,I,AUS,Australia,1_2,Top average household disposable income quintile,FCTR_Q1_INC,Factor of lowest income quintile,_T,Total,_T,Total,_T,Total,HSL_1,Income and wealth,2014,,5.662882075,,A,Normal value,0,Units,2,Two,_Z,
DATAFLOW,OECD.WISE.WDP:DSD_HSL@DF_HSL_CWB(1.1),Current well-being,I,AUS,Australia,1_2,Top average household disposable income quintile,FCTR_Q1_INC,Factor of lowest income quintile,_T,Total,_T,Total,_T,Total,HSL_1,Income and wealth,2012,,5.5211588883,,A,Normal value,0,Units,2,Two,_Z,
DATAFLOW,OECD.WISE.WDP:DSD_HSL@DF_HSL_CWB(1.1),Current well-being,I,AUS,Australia,1_2,Top average household disposable income quintile,FCTR_Q1_INC,Factor of lowest income quintile,_T,Total,_T,Total,_T,Total,HSL_1,Income and wealth,2020,,5.5644570179,,A,Normal value,0,Units,2,Two,_Z,
DATAFLOW,OECD.WISE.WDP:DSD_HSL@DF_HSL_CWB(1.1),Current well-being,I,AUS,Australia,1_2,Top average household disposable income quintile,FCTR_Q1_INC,Factor of lowest income quintile,_T,Total,_T,Total,_T,Total,HSL_1,Income and wealth,2018,,5.5994794024,,A,Normal value,0,Units,2,Two,_Z,
DATAFLOW,OECD.WISE.WDP:DSD_HSL@DF_HSL_CWB(1.1),Current well-being,I,AUS,Australia,5_1,Life expectancy at birth,Y,Years,_T,Total,_T,Total,_T,Total,HSL_5,Health,2012,,82,,A,Normal value,0,Units,2,Two,_Z,
DATAFLOW,OECD.WISE.WDP:DSD_HSL@DF_HSL_CWB(1.1),Current well-being,I,AUS,Australia,1_3,Median net wealth,USD_HH_PPP,"US dollars per household, PPP converted",_T,Total,_T,Total,_T,Total,HSL_1,Income and wealth,2018,,368870,,A,Normal value,0,Units,2,Two,2023,
DATAFLOW,OECD.WISE.WDP:DSD_HSL@DF_HSL_CWB(1.1),Current well-being,I,AUS,Australia,1_1,Households and NPISHs net adjusted disposable income per capita,USD_PPP_PS,"US dollars per person, PPP converted",_T,Total,_T,Total,_T,Total,HSL_1,Income and wealth,2017,,46831,,A,Normal value,0,Units,2,Two,2023,
DATAFLOW,OECD.WISE.WDP:DSD_HSL@DF_HSL_CWB(1.1),Current well-being,I,AUS,Australia,5_3,"Deaths from suicide, alcohol, drugs",DT_10P5HB,Deaths per 100 000 inhabitants,_T,Total,_T,Total,_T,Total,HSL_5,Health,2020,,22.1839675841,,A,Normal value,0,Units,2,Two,_Z,
DATAFLOW,OECD.WISE.WDP:DSD_HSL@DF_HSL_CWB(1.1),Current well-being,I,AUS,Australia,9_2,Exposed to air pollution,PT_POP,Percentage of population,_T,Total,_T,Total,_T,Total,HSL_9,Environmental quality,2015,,98.812508,,A,Normal value,0,Units,2,Two,_Z,
DATAFLOW,OECD.WISE.WDP:DSD_HSL@DF_HSL_CWB(1.1),Current well-being,I,AUS,Australia,11_2,Negative affect balance,PT_POP_Y_GE15,Percentage of population aged 15 years or over,_T,Total,_T,Total,_T,Total,HSL_11,Subjective well-being,2022,,12.0148292553,,A,Normal value,0,Units,2,Two,_Z,
DATAFLOW,OECD.WISE.WDP:DSD_HSL@DF_HSL_CWB(1.1),Current well-being,I,AUS,Australia,8_1_DEP,Not having a say in government,PT_POP_Y16T65,Percentage of population aged 16-65 years,_T,Total,_T,Total,_T,Total,HSL_8,Civic engagement,2023,,35.585077,,A,Normal value,0,Units,2,Two,_Z,
DATAFLOW,OECD.WISE.WDP:DSD_HSL@DF_HSL_CWB(1.1),Current well-being,I,AUS,Australia,2_1,Employment rate,PT_POP_Y25T64,Percentage of population aged 25-64 years,_T,Total,_T,Total,_T,Total,HSL_2,Work and job quality,2017,,76.38,,A,Normal value,0,Units,2,Two,_Z,
DATAFLOW,OECD.WISE.WDP:DSD_HSL@DF_HSL_CWB(1.1),Current well-being,I,AUS,Australia,2_7,Long hours in paid work,PT_SAL,Percentage of employees,_T,Total,_T,Total,_T,Total,HSL_2,Work and job quality,2018,,12.49,,A,Normal value,0,Units,2,Two,_Z,
DATAFLOW,OECD.WISE.WDP:DSD_HSL@DF_HSL_CWB(1.1),Current well-being,I,AUS,Australia,2_2,Gender wage gap,PT_WG_SAL_M_D,Percentage of wages of men in the same decile,_T,Total,_T,Total,_T,Total,HSL_2,Work and job quality,2011,,15.966386555,,A,Normal value,0,Units,2,Two,_Z,
DATAFLOW,OECD.WISE.WDP:DSD_HSL@DF_HSL_CWB(1.1),Current well-being,I,AUS,Australia,3_2,Housing affordability,PT_B7G_S14,Percentage of household gross adjusted disposable income,_T,Total,_T,Total,_T,Total,HSL_3,Housing,2013,,80.015705226,,A,Normal value,0,Units,2,Two,_Z,
DATAFLOW,OECD.WISE.WDP:DSD_HSL@DF_HSL_CWB(1.1),Current well-being,I,AUS,Australia,8_2,Voter turnout,PT_VOTES,Percentage of votes,_T,Total,_T,Total,_T,Total,HSL_8,Civic engagement,2025,,90.67,,A,Normal value,0,Units,2,Two,_Z,
DATAFLOW,OECD.WISE.WDP:DSD_HSL@DF_HSL_CWB(1.1),Current well-being,I,AUS,Australia,11_1,Life satisfaction,0_TO_10,0-10 scale,_T,Total,_T,Total,_T,Total,HSL_11,Subjective well-being,2020,,7.2,,A,Normal value,0,Units,2,Two,_Z,
DATAFLOW,OECD.WISE.WDP:DSD_HSL@DF_HSL_CWB(1.1),Current well-being,I,AUS,Australia,6_2,Student mathematics skills,PO,Points,_T,Total,_T,Total,_T,Total,HSL_6,Knowledge and skills,2018,,491.3600252473,,A,Normal value,0,Units,2,Two,_Z,
DATAFLOW,OECD.WISE.WDP:DSD_HSL@DF_HSL_CWB(1.1),Current well-being,I,AUS,Australia,1_2,Top average household disposable income quintile,FCTR_Q1_INC,Factor of lowest income quintile,_T,Total,_T,Total,_T,Total,HSL_1,Income and wealth,2016,,5.4861176031,,A,Normal value,0,Units,2,Two,_Z,
DATAFLOW,OECD.WISE.WDP:DSD_HSL@DF_HSL_CWB(1.1),Current well-being,I,AUS,Australia,9_3,Exposure to extreme temperature,PT_POP,Percentage of population,_T,Total,_T,Total,_T,Total,HSL_9,Environmental quality,2014,,11.6107123947,,A,Normal value,0,Units,2,Two,_Z,
DATAFLOW,OECD.WISE.WDP:DSD_HSL@DF_HSL_CWB(1.1),Current well-being,I,AUS,Australia,9_3,Exposure to extreme temperature,PT_POP,Percentage of population,_T,Total,_T,Total,_T,Total,HSL_9,Environmental quality,2013,,10.1279757602,,A,Normal value,0,Units,2,Two,_Z,
DATAFLOW,OECD.WISE.WDP:DSD_HSL@DF_HSL_CWB(1.1),Current well-being,I,AUS,Australia,9_3,Exposure to extreme temperature,PT_POP,Percentage of population,_T,Total,_T,Total,_T,Total,HSL_9,Environmental quality,2012,,10.1838257059,,A,Normal value,0,Units,2,Two,_Z,
DATAFLOW,OECD.WISE.WDP:DSD_HSL@DF_HSL_CWB(1.1),Current well-being,I,AUS,Australia,9_3,Exposure to extreme temperature,PT_POP,Percentage of population,_T,Total,_T,Total,_T,Total,HSL_9,Environmental quality,2011,,5.4412028424,,A,Normal value,0,Units,2,Two,_Z,
